text,label
सबै जना गुलाबमा काडा,nu
छ भनेर गनगन गर्छन,nu
म आफैलाई गर्व गर्छु,p
त्यो काडामा तिमी जस्तो गुलाब जो फुलेको छौचाहे तिमी सहि गर,p
या गलत तिम्रा बारे नकरात्मक सोच राख्ने मानिसहरु तिम्रै वरिपरि रहनेछन्,n
हजुरको सत्कर्म ले कमिएकाहजुर का र हाम्रा दुश्मन,n
हजुर को जस्तो मुटु छैन तिनीहरु को तिनीहरुक,p
अौकात भनेको राम्रो मान्छे को खुट्टा तान्नु रैछ,p
पगाल कुकुर,n
पहिला रेबिजको सुई लाउने,n
अनि त्यस्ता पगाल कुकुरहरु,n
लाई छानी छानी उपचार गर्ने,nu
हो सर,nu
सलाम छ हजुरलाई,nu
बधाई छ रवि दाजु,p
सञ्जालमा देखिने-भेटिने आदर्शवादी,p
व्यक्तिहरु मध्य केहि प्रतिशत व्यक्ती,nu
दुरुस्तै देखिने-भेटिने हो भने,nu
दैविक सुखको कल्पना कसैले गर्नै पर्दैनथ्यो,p
नेपाल भन्ने मुलुकका बुद्दिजीबी,p
भनौदाहरु र काम गर्न खोज्दा खुट्टा तानेर,n
उत्तानो पार्ने दिग्भ्रमितहरुको जमातले म अरबमा,n
बेचिएको बेचिऐ छु,n
तपाईँ अटल रहनुहोस्,p
दाजु तपाईको पक्षमा हामि छौ,p
तपाईले गरेका हरेक कार्यहरू जायज छन,p
खुट्टा कमाई सकेका छन देशका कुख्यात देशघातिहरूले,n
हजुर लाईकुकर्मले तिमीले कमाएका,n
तिम्रा मित्रहरु भन्दा सत्कर्मले मैले कमाएका,p
मेरा दुश्मनहरु,n
मलाई प्यारा छन्,p
९६ वर्षकी हजुर आमालाई सम्पत्तिकालागि नातीहरुले निकालिदिएछन,n
आज उहाँ रुदै रुदै कार्यक्रममा आउनु भयो,n
अत्यन्त भावुक बनायो आमाको पीडाले,n
कसैले नहेरे उनलाई,n
५० लाख खर्च गरेर बनाएको शौचालयको हालत हेर्नुहोला,nu
मेयर साब सङको कुरा सुन्दा त शौचालय भन्दा धेरै राजनीति गनाएको महसुश हुनेछ,n
अनि बिना पर्मिट बिना हेल्मेट ९ वटा चेक पोष्ट छ्लेर वर्दिमै आएका भारतीय प्रहरीलाईपनि हेर्नु होला,n
नागरिकता लाईसेन्स शैक्षिक प्रमाणपत्र जस्ताको त्यस्तै तर नक्कली,n
बनाउनेहरुको स्टिङ अपरेसन गरेका छौअर्काले पालेको गाई चोरेर,n
लगेर काटि खानेहरु,n
बारेको रिपोर्टिङपनि आज गरिएको छ,nu
बाध्य गराउछ यसर्थमा मारुम न भनेर हतार,n
गर्या हो दाइ के भन्नुहुन्छ,nu
१०४ वर्षको राणा शासन देखिएन तर सुनियो अहिले न्यायालयमा देखिएको राणा शासन बारे सुनिदैछ,nu
र देख्ने खुब ईच्छा छएकै साथ ५ न्यायाधीश माथी छानबिन हुनु सामन्य आट होइनप्रधान न्यायाधीश चोलेन्द्र शम्शेर राणाका एक पछि अर्का दमदार कदमले सकारात्मक,p
संकेत गर्दैछन्,nu
त्यही पुल बन्यो भने धेरै नेताले भोट माग्ने बहाना नै गुमाउछन,nu
पुल बनेन र अझै धेरै वर्ष बन्दैन,n
पुलको राजनीति कस्तो गजबको,p
एउटा एम्बुलेन्स सम्म नभएको कालिकोटको रासकोटमा हामी १५ बेडको स्मार्ट डिजिटल अस्पताल बनाउदै छौ,p
एउटा निजि टेलिभिजनको कार्यक्रमले भर्खर ५२ओटा घर बनाएर प्रदेश नम्बर २ का मुशहरहरुलाई हस्तान्तरण गरिसकेको छ,p
अब पालो बिकट कालिकोटको आजको कार्यक्रम कालिकोट बाटै,p
सानो बालकलाई रोग लागेको छ,n
आमासङ पैसा छैन,n
हामीसङ जो धिप धिप्पाउदै भएपनि बाल्दै छौ,nu
माघ १ गतेदेखि २४ घन्टा नै टल फ्री टेलिफोन,nu
सेवाबैशाख ८ बाट देशका सातै प्रदेशमा कार्यालय र गुनासो सेन्टरभाईबर,nu
ह्वाट्स याप मार्फत विश्व भरिका दर्शकहरुले लाईभ सहभागी हुन पाउने गरि नया प्रतिबद्धता आजको कार्यक्रममा,nu
दोष जसलाई लागेपनि भोगाइ बद्लिने होइनमुस्किलको,n
यो घडिमा साथहौसला प्रदान गर्नुहुने सम्पुर्ण महानुभावहरु प्रति शीर निहुराएरै आभार प्रकट गर्दछु,p
साथै आफन्त र परिवारप्रति मेरा कारण पर्न गएको चोट,n
प्रति क्षमा याचना समेत गर्दछुआफ्ना तर्फबाट यो बिषय अब सदाका लागि यसरी टुङ्याएको छु,nu
जिन्दगी मेरै मात्र लयमा कहाँ चल्दो रहेछ रगोरेटोमा भेटिने र दोबाटोमा छुटिनेहरुको नियत मेरो वशमा भएन,nu
आफ्ना गल्तीहरु,n
सुधारेरकानुन बमोजिम संबंधित सबैको हक अधिकार सुरक्षीत,p
गरिसकेको पुरानो घटनाबाट केवल पाठ सिक्न मात्र सक्छुबाकी आजको कार्यक्रममा बताएको छु,nu
मन्त्री रबिन्द्र अधिकारीले कुर्सीमा झुन्डिएर बस्न सुहाउँदैन माहाकाली सन्धिको बिरोधमा पार्टी परित्याग,n
गर्न सक्ने मन्त्रीले पद भन्दा आफ्नो कदलाई ठुलो मान्नु पर्छ,p
शेर ब तामाङले जिब्रो चिप्लिएर राजिनामा दिएको हिजो अस्ति मात्रै हो,p
आशा,p
अझै मरेको छैन,n
मानवीय धर्म भन्दा ठुलो,p
राजनीति को धर्म बन्यो,nu
हात्तीको दात जस्तो चपाउने कुन देखाउने कुनठम्याउनै नसक्ने के बन्यो के बन्योजीउँदो मान्छेलाई २ पटक आर्यघाट पुर्याउनेलाई घृणा,n
अस्पताल लैजानेलाई सम्मान गर्न चाहन्छौ,p
पोशाकमापनि मनमापनि र व्यबहारमापनि राष्ट्रियता हुने मानिस कोहि १ जना मात्र हुनुहुन्छ,p
तीनै १ जना प्रति सम्मान स्वरूप यो तस्बिर राखेको,p
मात्र हुयो तस्बिर नै राष्ट्रवादी हुनुको प्रमाण चाहिँ होइन,n
साथै अङ्ग्रेजी नयाँ वर्ष २०१९ को धेरै धेरै शुभकामना,p
राम बहादुर बम्जनका विरुद्ध उठेका प्रश्नहरुको जवाफ खोज्ने प्रयास,nu
आजको कार्यक्रममा गरेका छौसेतोपाटी डिजिटल पत्रीकाको रिपोर्टिङमा आधारित रहेर फलोअप गरेका छौबम्जनका प्रतिनिधि र प्रहरी प्रवक्ता दुबैका भनाइ समावेश गरिएको यो एपिसोडले धेरैको जिज्ञासा मेटाउछ कि,nu
विद्यार्थीलाई भड्काएर आन्दोलन गर्न लागाउने,n
र संचालकसँग ४लाख घुस लिने,n
विद्यार्थी नेताहरुलाई चिन्नुहोलाभोलि देश बनाउने यिनै हुन सक्छन,p
प्रिय रबि नया पुस्ताकोतपाइ जस्तो सौर्यवान र प्रतिभावान प्रतिनिधिसंग संवादको अवसर मेरा लागी पनि उत्तिकै खुसीको कुरा होयो,p
सुखदअवसरका निम्ति तपाई लगायत सम्पुर्ण टीम,nu
प्रायोजकहरु र प्रियतम नगरी पोखरा महोत्सवमा उत्साहपुर्वक सहभागिता जनाउने,nu
सबैलाइ आभारपैसा सबै सङ्ग होला तर दयालु मन,p
सबै सङ्ग काहा हुन्छ र हजुरको काम प्रती सम्मान गर्छु,p
आज सम्मको हरेक,nu
बुडि आमा आयेर रुदा सारै मन रोयो,n
रबि संघ कुरा गर्दा देउतानै भेटेजै बारम्बार नमस्कार गरिरहिन,p
साच्चै मेरो देश मा डाबाबुराम भट्टराई रबि लामिछाने कुलमान घिसिङ जस्ता मान्छे छन र त देश बन्छ कि भन्ने आश छ कस्सम,p
आजको कार्यक्रम हेर्नु होला,nu
भाबुक बनायो रबि सर हजुरले गरेको हो,n
रबि सर हजुरलाइ कुन सब्दले धनेबध दिउ हजुर महान बेक्तिलाइ,p
आमा प्रती को तपाइको सम्मालाइ मेरो नमन,p
जसले आफ्नो स्वार्थमा,n
जन्म दिने आमार हजुरामा वा आफ्नो घरको वुजुर्ग लाई लत्याउन खोज्,n
येस्तो मानिस ले स्वार्थ लाई मात्रै प्राप्त गर्छ तर जिन्दगी भरि स्वार्थ को आगो ले पोलि रहन्छ,n
एक दिन चेतना अवस्य आउनेछ,p
तरछाडेकाे तिर ले घाउ लागी सक्योतर अब अर्को छोरा आयो ति हुन् रवि जि,p
रबिसर महान हुनुहुन्छ,p
तर पनि ती हरुज आमालाई जिबनभर पाल्ने,p
प्रतिबद्दता गर्नु भन्दा उनिलाई उसैको छोरा बुहारुलाई न्यायको दायरामा ल्याएर जिम्म लगाइदिए उचित हुन्थ्योकी,nu
नेपालमा एस्ता मानिसको कमिछैनन कि बाबा आमालाई बृद्धा आश्रम पुर्याउनेहरु,n
प्यारो दाइ यसरि नै अगाढी बढ्नु होला हामि हरुको साथ् हजुरलाई,p
रबी सरलाइ सलाम छ,p
धन्दे वाद रबि सर,p
यस्तै पारिवारिक कुरामा बढी ध्यान दिनु भो,nu
फेरी आलोचित हुनुहुन्छ हैपारिवारिक समस्यालाई कानुनको बाटो देखाईदिनु उपयुक्त होलाटेलिभिजनको पर्दामा भन्दा पनि,nu
पचास लाखको लागतको सार्वजनिक सौचालय को हालत देख्दा राजनिती पखाला ले डामाडोल भएछ,n
पुलिस को कुरा गर्ने हो भने बिरगंज मात्र हैन पुर्वको रंगेली साइडमा खुलेआम भारतिय नम्बर प्लेटका मोसामा बर्दिसहितका भारतिय पुलिस प्राय देखिन्छ रोक्ने छेक्ने कस्ले,p
जो आफ्नो परिवार को हुन सकेन उस्को कुरा नि के सुन्नु जस्तो लाग्छ घरीघरी,n
आफ्नो देश बिगार्ने चोर भ्रष्टाचारि जति सबैलाइ गोलि ठोकौ लाग्छ सधैभरी,n
संसद नै गनाई सकाे साैचालयत सामन्य कुरा हाे देशमा,n
सर ३ करोड नेपाली हजुरको साथमा छन् हामी सबैको भरोसा कहिले हजुर बाट उठ्ने काम् हजुर बाट हुन भएन,p
अचम्म छ राजनीति पनि शौचालयमा,n
खै देश हाक्नेहरु नै माफिया छ्न कहिले होला बिकास र समृद्धि,n
निकितालाई भित्राउन पो रहेछ रविले ईशालाई रुवाई रुवाई,n
सारा श्रीसम्पती सप्पै सुम्पेर डिर्भोस गरेको आफ्नैलाई न्याय दिन नसक्नेले अरुलाई न्याय दिने ढ्वाङ फिट्नु लज्जा सरनम्,n
लेख्न पायो भन्दैमा जे पनि है,n
गर्न पायो भन्दै मा जे पनि है,n
स्त्री लम्पट भएपनि देशको अलिकती सुधारमा सहयोग गरेकोले सारा नेपालीले साथ दिएका हुन,p
जो ब्यक्ती एक दुइ तिन कोहुन सक्दैन त्यो चारको पनि हुन सक्दैन,n
ल्याउने भन्दा पनि आउने बढी गल्ती देख्छ मेरो नजरले धेरैको चहाना तपाईं जस्तो बनुम भन्नेछ,p
देशकोलागी मात्रै परिवारको लागी कोहि नबनुन,nu
घुमाईफिराई दोष जता फर्काएपनि घर भांडिने कारण भनेको आफु स्वंयम् हो ब्रो,n
यो भन्दा अघील्लो बिहेको लागी अरु कसैले आशिर्वाद द्याथेनन् अब घरमा ‘सीधाकुरा श्रीमती संग’ अनी मात्र स्टूडियोमा जनतासंग ओके,p
आखिर स्वास्नी चाहिनेनै हो भने च्याट गरेका कुराको भर मा दुई छोरी लाई टुहुरी बनाउन भन्दा त अब यस्तो नगरौ भनेर दुबै सुध्रीयको भय कति राम्रो हुने थियो,p
आखिर अर्काकी स्वास्नी ल्याउन पर्ने रहेछ के त्यो भर्जिन थि र ल्यायको होला,n
एक जना यस्तो भाग्यमानी पुरुष हुन जो ४५ वटा बिहे गरेर पनि अधिकांश महिलाको नजरमा आदर्श व्यक्ति कहलिएका छन,p
हार्दिक बधाई एवं मंगलमय शुभकामना हजूर हरू को दाम्पत्य जीवन फलोस फूलोस शुख़मय रहोस शुभ आसिर्बाद,p
नाटक चाहिँ अलि धेरै नै भयो है तपाईंको,n
व्यक्तिगत जीवन अवस्य छ सबैको हुन्छ तर व्यक्तिगत जिवनमा जोडिएकालाई लाखापाखा लगाउँदै नयाँ सम्बन्ध जोड्दै,p
यो मेरो व्यक्तिगत जीवन हो भन्दै मन लागेको गर्नु सहि होईन,n
महासय नयाँ वैवाहिक जिवनको शुभकामना,p
त्यति लेखिसकेपछी अन्तिममा शुभकामना भनेर किन लेख्नु,n
यो फेरि सिधै मेरो यसमा समर्थन छैनमलाई मन परेन भने भैगो नि,n
माथी लेखेकै छन् त आज चाहिँ हामी सबैबाट एउटै कुरा चाहन्छौं आशिर्वाद,p
अब यति अनुरोध नै गरेपछी ५ शब्दको शुभकामना पनि के नदिनु,p
मेहन्दिको पात झै भएर नेपाली नारिको हातमा रंग भरिहनुहोस्,p
स्वाच्छ पानीको मुहान भएर हरेक नेपालिलाई तिर्खाको प्यास मेटाईरहनुहोस्,p
मेरो तर्फाबाट आशिर्वाद साथै दम्पती जिवनलाई शुभकामना र हल्का रमाईलो,p
विगत जे भयो भयो अब वर्तमानमा विगत नदोहो याउनु होला,nu
आज एउटा कुरा पक्का भयो श्रीमती एउटि खराब थिन,n
दुइटी पनि खराब पर्न सक्छिन,n
तर एउटै मान्छेको जिवनमा तिनतीन वटि श्रीमती नै खराब,n
कुरा पक्का छ बिगतमा तपाई खराब चरित्रकै हुनुहुदोरैछ,n
अब बिगत बदल्न सकिँदैन त्यसैले भविष्यमा चरित्रवान बन्न यो बिवाहले प्रेरणा थपोस शुभकामना,p
शतप्रतिशत,p
ल बधाई छ सर अब धेरै जनालाई काम मिल्ने भो,p
हजूरको बिहेले काम नपाकाले पनि काम पाऊने भए,p
कतिलाई समाचार बनाऊन भ्याई नभ्याई हूने भो फेरी नि रबि सरको बिहेको समचार पढन नपरोस यही बिहेले सफलता पाओस,p
तपाईको देश र जनताप्रतिको योगदान महान छ,p
सर तर के गर्ने देशको कानुन नै गतिलो छैन आज पक्रीन्छ्न भोलि छुट्छ्न,n
त्यसैले त प्रणालीमा नै हिट नगरी हुदैन भनेको एक दुईजनालाई देखाएर धेरैलाई फाइदा हुदैन भाइ,n
गाई काटेर खानेहरु नेपालीको दुश्मन हो,n
यसले यो देखाउछ कि नेपालमा कुनै नेपालीको सरकार नभएर कुनै झोले पश्चिमा बिधर्मी को सरकार छ नेपालमा गाई काटेर खाने कुनै रंग ले हेर्दा उचित छैन,nu
गाई हत्यारा लाई कठोर दण्ड हुनुपर्छ,n
नेपालमै बसी नेपालीकै गोठ बाट गाई चोरेर गाई काटेर खानेहरु हिन्दू नेपालीका दुश्मन हुन,n
सलाम छ रबि सर,p
खै नेपाल को कानुन दैवले जानुन छ के गर्ने,nu
नयाँ जोगिले अलि बडि खरानी धस्छ भनेको जस्तै होकि जस्तो लाग्यो,nu
सरकारको काला कर्तुतहरु छोप्नका लागि केहिदिनको नाटक पनि हुन सक्छ,nu
अझै ठुला माछाहरुलाइ सुरक्षित गर्न पनि हुन सक्छ,nu
प्रधान न्यायाधीशको सच्चा र इमानदारीताको कार्य पनि हुन सक्छ जेहोस राम्रैको लागि होस रबि जी,p
आजको कार्यक्रम हेर्नु होला,nu
श्रीमान को प्रसन्शा गरी हाल्न अलिक हतार गरिदै,p
रबि सर पहिला गुगोल बाट लाइभ हेर्न मिल्थ्यो आजकल किन गुगोल बाट लाइभ आउदैन,nu
बाच्नलाई बाचेकै छु भन्नपनि लाज लाग्ने,nu
हास्नलाई हासेकै छु भन्नपनी लाज लाग्ने,nu
उदाङ्गो छ सरकार अन्योल छायो देशमा जान्नलाई जानेकै छु भन्नपनी लाज लाग्ने,nu
भ्रष्टाचार र महङ्गिले अब कति थला पर्ने,nu
आफ्नै देशमा बसेकै छु भन्नपनी लाज लाग्ने,nu
हाँसो रोदन पीडा खुसी खै के रह्यो र देख्न,nu
न्यायालयमा आशाको दियो बल्नैपर्छ,p
भ्रष्ट र दलाल माथि राणा शासन चल्नैपर्छ,n
उल्टै पाँच न्यायाधीश दलाल नेता भनाउदासङ मिलेर राणालाई पल्टाए भने,n
नौलो कुरा नसोच्दा हुन्छ अनेक हुन्छ हाम्रो नेपालमा,n
दाजु भाषा अलिक सुधारौ कि,p
राणा शासन सँग अहिलेको प्रधानन्याधिस लाई यसरी नजोडेको भये हुने,nu
अहिले भएको वा हुँदै गरेको कार्यलाई राणा शासन भन्दैनन् कि दाजु मात्रै सुझाब,nu
हामी बनाउन थालौं गर्छु एउटा प्रोजेक्ट जसरी गरौं,nu
म अहिले क्यानाडामा पढ्दै छु र यहाँ बाट सक्दो उठाउँछु पैसा,nu
सरकार भ्रष्ट छ,n
भ्रष्टाचारको लागि सरकार छ,p
एउटा मेलम्ची आयोजना सप्पन्न न हुने यो देशमा,n
धर्म र देशलाई त नछोड्नेले पुलमा गर्ने के लाज मान्लान र जसले जे सुकै भनोस,n
तेसै हाम्राे देश पछाडि परेकाे हाेइन सर,nu
भातमारा नेता भएसी यस्तै हुन्छ जस्तो छ सरकार के गर्नु सर,n
जनताको हृदय खुसि पार्ने सरकारको कदम रहेन,n
ठुला ठुला सपना बाढ्नुको साटो यो पुल बनाउछु भनेर काम गरेका भा हाई हाई होला,nu
कर्णाली जस्तो ठुलो नदिमा बन्ने पुलको लागत पनि सानो भने छैन,nu
त्यसैमा पेटपाल्ने थलो भा छ कतिका त यो प्रोजेक्ट पनि जनताकै सहयोगमा जनताबाटै बन्ला बरू,nu
कठै हाम्रो देश का नेता जनतालाई सुबिधा सम्पन्न बनाउन त काहो का यउटा पुल धरि बनाउदै नन,nu
चुनाबको बेला ढाटछल गर्न लाई हो लाहै सर,n
केही पनि नगरौ भन्ने मनशय भएर भन्दा पनि केही गरौ भन्ने मनशाय को अभाबले देश अघि बढ्न सकेको छैन,nu
दाजु सधै सम्मान छ,p
राइट,p
पुल र बाटोको कुरो सार्है रमाइलो हुन्छ,p
राजनितिमा धेरै नेता भनाउदाको रोजी रोटी बन्छ,p
रअर्को तिर मन्त्री भएको बेला तराइका केही जिल्लामा खोल्छा खोल्छामा पुल बनाएका छन्,p
भ्रस्टचारी नेपाली को को छनबिदेशमा कुन बैंकमा पैसा रकम खाता छन भन्ने कुराको पर्दाफास,n
बयान गर्ने शब्दको खोजिमा छु,nu
सरसायद भगवान आफै प्रकट हुन सम्भव नभएर हजुर जस्तो मान्छे पठाएका होला,p
सायाद केही इट्टा थप्ने काम मेरो पनि रहने छ,nu
आजको कार्यक्रम हेर्नु होला,nu
एउटा अतिनै दुर्भाग्य पुर्न घटना हो प्रदेश को त्यसको फलोअप गर्दिन अनुरोध गर्द्छु,nu
तपाईलाई स्यालुट छ सकेजति,p
आफ्नो योगदान दिदै जानुस् भगवान हमेशा साथ दिनुहुनेछ मेरो प्राथना छ,p
वाह सञ्चारकर्मी परोपकारीपत्रकारिता लोककल्याणकारी जनहित जनसेवा दुर्गम मनकारिता रविकारित,n
आजको चै थियो,nu
दाज्यु हामी पनि सहयोग गर्न चाहान्छौ कसरी माध्यम बताइ दिनु पर्यो,nu
एकदम राम्रो कामको सुरुवात भएको छ,p
यस काममा हामी सबैले आफ्नो आफ्नो क्षेत्रबाट सक्ने सहयोग गर्नु पर्ने बेला आएको छ,p
रवि दाजु हजुरले प्रोग्राम मा किन टाई लगौनुन्न बडो सोचेको छु तर नै पत्ता लगाउन सकेन,p
राम्रो काम को खुलेर प्रशंसा गरिन्छ,p
नराम्रो काम को घोर बिरोध,n
सच्चा र सचेत नागरिको मुल धर्म नै एहि हो,nu
गुणस्तरीय सेवाको निरन्तरता अस्पतालमा होस बधाई छ,p
बधाई छ,p
एक पटक प्रधानमन्त्री बन्नु पर्छ दाइ,nu
आजको कार्यक्रम हेर्नु होला,nu
मलाई चाहि सही लाग्यो मित्रको के छ त राय सल्ला सरकारी कार्यालयमा अनुगमन फितलो भयो यस्तो लैतुगे पाराले हुँदैनन् है,nu
प्रतीक्षामा थिएँ कहिले आउँछ,nu
बधाई छ आफैलाई बनाउनु भएको मा,p
रबि सरको कार्यक्रम सधै युट्युब मा हेर्ने गर्छु,p
कुनै कार्यक्रम पनी छुटेको हुदैन,p
दीन भरी काम राती रोम मा आय पनी युट्युव मा कार्यक्रम हेरिन्छ,p
अनी मजा ले सुतीन्छ रबी सर तपाई हामी जस्ता आमनागरिक को लागी भगवान हुनुहुन्छ,p
यसरी सधै हजूर जनता को पक्ष काम गरीरहनु शुभकामना,p
भर्खर हेरे यता आको छुराजकोट अस्पताल को लागि म पनि केही सयोग गरेर एक इटा लगाउने छु रबि सर,p
युट्युबमा हेर्दै पनि छु,nu
शुभ प्रभात,p
राजकोट अस्पताल को सहयोग कसरी गर्न सकिन्छ कृपया जानकारी पाउ,p
भाई को दिन शुभ र मंगल रहोस् धन्यवाद,p
विश्वासको त्यही धिप धिप बल्ने दियोले नै अँध्यारो भगाउन मद्दत गर्दछ,p
तर दियो बाल्न कहिले नछोड्नु होला हर परिस्थितिमा सदैव अग्रसर रहनुहोला,p
हरेक मान्छेको सफलता को पछाड़ी एउटा महिलाको हात हुन्छ तर हजूरको सफलता को पछाड़ी चार जना महिलाको हात छ,nu
नया कामको लागि हजुर लाई बधाई,p
अग्रिम शुभकामना,p
पहिले खोलेका क्षेत्रीय कार्यालय त बन्द गर्नुस,n
हार्दिक बधाई एबम सफलताको शुभकामना,p
ग्रेट,p
यो कार्यक्रम एउटा कोसे ढुङ्गा बनोस शुभकामना एव बधाई,p
एउटा सुन्दर नयाँ दिन बनोस,p
राम्रो कामको लागि शुभकामना छ,p
साझा सबाल मोडल को एउटा कार्यक्रम तैयार पार्नु,nu
बिहे नगरी बसे सबको मन जित्ने कुरो देखियो,nu
धेरै राम्रो काम रबि सर बधाई तथा प्रगती को अग्रीम शुभ कामना,p
सर्वसाधारण को हितका लागि गर्नु भएको कामको लागि मुरि मुरि धन्यवाद छ,p
राम्रो कामको सुरुवात कार्यक्रम अझै प्रभावकारी बनोस,p
हार्दिक बधाई एबम सफलताको,p
घरमा बुढीलाई तनाव दिएर असान्ती फैलाउने अनि सबको सारा भगवान रुपि रुप देखाउने,n
धन्तिम्रो सामाजिक कार्य पहिला घर शान्ति गर अनि बाँकी दुनियाँ गर,p
यसको स्कृन सट राखिरहनु होला कुनै दिन वास्तविकता पुरै बुझेर पछुताउन काम लाग्छ,nu
पहिला कस्ता थिए भन्ने कुरामा मतलब भएन,nu
अहिले के गर्दैछन भन्ने कुरामा हामी केन्द्रित छौ ढुक्क हुनुहोला,p
गल्ति स्विकार्नुनै ठुलो प्रायश्चित हो,p
माफ गरुन या नगरुन चन्द्रममा पनि दाग नलागेको कहाँ छर,nu
आगामि कार्य जीवनको कदम प्रति ईमान्दार रहोस शुभ रहोस कामना छ,p
प्रशंसा हुदामात्र होइन तिम्रा गल्तीहरु सुन्दा पनि निर्धक्क म तिम्रै समर्थक हु,p
कमजोरी हर मान्छेको हुन्छ बिगतका गल्तीबाट सिक्दै अगाडि बढ शुभेच्छा छ जय नेपाल,nu
मेरो जिज्ञासा उनको पत्रकारिताको शैलिमा मात्र हो धन्यपात,nu
नाक चाई नभाचिदिनु होला प्लिज,p
पुस्तौ देखि को रिस पोख्नु भए छ बिचरा,n
रिस खै किन उठो था छैन,nu
आफु साफ़ र सहि पुर्व पत्नी ग़लत देखाउदा गालामा चार झापट लगाउन मन लागो,n
जसरी तपाईंको पेजवाट र मुखवाट सुनियो त्यसरी नै इशाजीको मुख वा पेजवाट सुन्न देख्न पाएको छैन,nu
अतित के थियो उनि के गर्थे सरोकारको बिसय हैन,nu
कसैको निजि जीवन लाई धोइपखाइ महान बन्नु पनि छैन,nu
वास्तव मा बिल्कुल सहि कुरो सर,p
हैन सर त्यो कुरा त बिगत भयो नित हजुर श्रीमान शृमती सहमति मै छोडपत्र भएको भनेर खुलाएकै छन हैन,nu
औरिका बस्ने मान्छे भुतपुर्व शृमती पनि कमि बाठि नहोलिन,nu
नेता होस या पत्रकार कोहि सुद्ध छैन,n
यो नेपालमा समर्थक छन भन्दैमा दुइ पुर्व पत्नीलाइ पिडीत बनाउन पाईने,n
परिवार बाट छुट्टीदाको पिडा त असह्य पक्कै पनि होला,nu
तर आफूलाई सम्मल्नुहोला तपाईलाई श्रीमतीले छोडेपनि ३ करोड नेपालीको साथ सधै रहिरहने छ,nu
सानोतिनो गल्ती सबैको जीवनमा हुन्छ,p
विगतका गल्तीले वर्तमानको तपाईंको उचाई छेकिदैन डाह गर्नेहरू सबै हार्नेछ्न आफै जलेर भस्म हुनेछन्,p
दाजु मेरो मनका कुरानै यो तस्बिर बोल्छ विनोद त्रिपाठी जीलाई मेरो सलाम छ,p
जीवनसाथीसँग सुख-दुख घाम-छाँया विताउन पाएका भाग्यमानीहरुलाई म जस्ता अभागीको पीडा के थाहा,nu
तपाई अभागी होईन रबि सर तपाईंको साथ् करोड नेपाली को साथ् छ,nu
सर्वगुणसम्पन्न कोहि हुन,n
बिगतका कमि-कमजोरिबाट पाठ सिकेर आगामी जिवनमा सत्मार्गमा हिडेर देशको भलो हुने,p
काम निरन्तर गरिरहनु होला धेरै-धेरै शुभकामना,p
जिन्दगिको यात्रा यस्तै हो बाटोहरु सबै सजिलो छैन,n
सकारात्मक भावनाका साथ सहि कार्य गर्दै अगाडि बड्नै पर्छ यसको निम्ति शुभकामना तपाईंलाई,p
जीवनमा ठेस् र चोट कैंयौं लाग्छन्,n
त्यो जीवनको अन्त्य हो,n
आफु स्वयम कति पिडाबाट गुज्रीए पनि नेपाली जनताको पिडामा मलम लगाउने तपाईको अथक प्रयास प्रति मेरो सलाम छ,p
सोचे जस्तो छैन जीवन सम्झे जस्तो छैन जीवन,n
सार्वजनिक महत्वका यति ठुल्ठुला घटना,n
जिबनमा अनेकउँ बिध्न बाधा अड्चना अाउँछन,n
सुप्रभात,nu
दोषि नै हुन् भन्ने लाग्छ तपाईं लाई,n
कुरो यस्तो हो भने पहिल्यै किन आएन यतिखेर बांगो कुरा गरेर हुन्छ,n
मर्यादा अलिकति भए पनि रहेछ,nu
मानवता लोप भैसकेको छ ती दुष्टहरूका,n
हाम्रो देशको समस्या,nu
प्रेम प्रसाद सन्जेललाई कुन शब्दले सम्मान गरौं खै यस्ता असल र इमानदार,p
कर्मचारी देशमा भए देश बिकास अवस्य हुने थियो तपाईंको त्यो बोली सुन्दा र इमान्दारीता देख्दा लाखौं जनताको तर्फबाट सलाम,p
पुच्छरले टाउको हल्लाको तेति राम्रो होइन राजनितीक अस्थिरता रमाउन पल्केका कर्मचारीको रवैया यता नि देखा परो,n
हजुरको साहसलाई सलाम बलात्कारले सजाय र पिढीतले न्याय पाएपछि त्यो दुखाई ठिक होलानी,p
सलाम छ रवि सर हजुरलाई र हजुर जस्तै सहासी कर्मयोद्धा कर्मचारीलाई,p
टाउका भित्र धेरै फाेहाेर हुनेहरुकाे टाउको नदुखि रहन सक्दैन,n
सही कुरा दाजु एक मिडियाले अर्को मिडियाको नाम नलिने कुरा त क्या चित्त बुझ्यो,p
आजसम्म कुनै कर्मचारीले आफैंलाई भ्रष्टाचारी,n
हुँ भनेको इतिहास छ र गोपाल खड्का चुडामणि शर्माले हामी भ्रष्टाचारी,n
हौं भन्छन् र पक्कै पनि भनेनन् र भन्दैनन् पनि सक्किगो नि यिन्ले चाहेको ठाउँ पाउदा सम्म उनै वली बिष्ट महान थिए अहिले ठुल्ठुला कुरा,n
एसैगरी देशभक्ती एक भैयो भने भस्तचार अन्ते हुने देखीश्छ जस्तै प्रेम सन्जेल जस्ता,p
चप्लूसे पाराले केहि हुने वाला छैन भ्रष्ट चोर,n
संग खरो रूपमा प्रस्तुत हुनु नै पर्,n
राम्रो र नराम्रो कहिले समान हुनै सकदैन जय रवि,p
आत्यंतै राम्रो लाग्यो तपाई को कुनै पनी कार्यक्रम नहेरी निन्द्रै लाग्दैन,p
को तार्किक प्रस्तुतिका अगाडी अन्य व्यक्तिलाई टिक्न हम्मेहम्मे हुँदोरहेछ,n
हैन धेरै कुरा दम्भले हल्का रुपमा उत्तर दिए मन परेन,n
संवाद सुनिरहु लागेको थियो कति चाडै सकिएछ,nu
त्यति उच्च सम्मानका साथ पनि त्यति भारी प्रश्न ठेल्न सकिंदो रहेछ त्यो यहाँ देखियो सेसन उत्तम थियो बधाई दुवैलाई,p
बिचबिचमा टोकाटोका गरेर पो,n
दुई आदर्णीय हरू ऐकैसाथखुसी लाग्छ देख्दा अनी अलीक भऐनी मन आनन्दी हुन्छ ऐस्ता बेक्तीहरुनी हुनुहुन्छ हाम्रो देशमादेशका गहना हीराऐस्तै बेक्तीहरुको समुह बनेर देश बीकास हेर्ने धोको छ हामो सपना पुरा कैलेहोला साथ हाम्रो छ आदर्णीय सरहरूलाईकै लेखीदीनुस,p
दुबै जना को कुराकानी सुन मन छ मलाई पनि,p
दुई आदरणीय हरु एकै ठाँउमा देख्न पाउदा खुशी लाग्यो अब संवाद चै हेर्नू पर्छ,p
दुई पुस्ता को राम्रै जुहारी भनौ कि बिषयान्तर्गत छलफल को ठुलै चर्चा छ,p
निकै राम्रो कुराकानी,p
यो कुरा कानी को भिडियो सम्बाद लिङ्क कता पाईन्छ होला रबि दाइ,nu
गूड जब,p
निकै राम्रो कुराकानी रबि जी,p
निधन भैसकेका नारायण गोपाल तपाइको बिहेमा जन्ती चाहिँ कसरी आए भनि सोधिदिनु होला,nu
खुसीवाला,p
पाण्डे बाैद्दिक हुन,p
तर उनको टक साे चलाउने शैलीमा अाफु वढि हावि हुने चाहाना,n
रवीन्द्र मिश्रसगकाे अन्तर्वार्तामा मिश्रले उनलाई बढि बाेल्याे,n
अाराेप लगाएका थिय,n
गेस्टलाई छायामा पारेर अाफु हिराे हुन खाेज्ने कारण के भनेर साेध्नुस,n
मैले एसो भने भंने के म सहि हुन्छु,nu
आइन्दा कुनै कार्यक्रम मा गएर बालुवाटार मा गएर बान्ता गरेको छु,n
बिनोद चौधरी को बेडरूम मा पुगेको छु,nu
आफू खुब माहान अनि ठूलाबडा सँग मात्र सँगत गर्छु भन्ने जस्तो फुर्ती नलगाउनु भन्दिनु होला,n
मैले सोध्ने प्रश्न जसरी भएपनि राखी दिनु होला रबि सरतपाई जस्तो देश भक्त मान्छे,p
किन कुनै पार्टीमा सामेल नभएकोभनेर सोध्नु होलारबि सर हजुरहरु मिलेर कुनै एउटा पार्टी खोल्नु होस् जुन पार्टी जनताको हक र अधिकारको लागि हुने छमेरो प्रश्न हजुरहरू दुवैलाई हो,p
बिजय कुमार दाईलाई भन्दिनू तपाईँको स्वभाव रवीन्द्र मिश्र संग धेरै मिल्छ विवेकशील साझामा गएर देश बनाउने अभियानमा लाग्न के ले रोकेको छ भनेर,p
साेचे भन्दा वढि घमण्डि देखिय पाण्डे उनको घमण्ड,n
त्यहा नेर देखियो जतिवेला तपाईंले अाफुलाई प्रस्न गर्न आग्रह गर्नुभयो तर उनले प्रश्न गरेननतपाईंको र्याडिकल पत्रकारिताकाे वारेमा केही साेधेनन किनकि त्यो साेध्ने बित्तिकै तपाईंको कामले उ छायामा पर्थे,n
नेपाल धन्य छ किनकि बिजय र रवि जस्ता पत्रकारले नेपालकाे कुकृति हटाएका छन,p
(दिशा निर्देश) कार्यक्रमको कुनै एक भाग मा सम्बादको शिलशिलामादेश बनाउनु छ भनेपत्रकार भएर हुदैनभन्ने तर्क गर्दा बिजय कुमार ले प्रसग बदल्नु भा थियो एक बरिस्ठजिम्मेवार पत्रकार भएको नाताले पनि उहाले आफ्नो थप प्रस्न या बिचार महामी लाई भनी दिन किन आना कानी गरेकोसोधी दिनु न,n
देश बनाउन केबल पत्रकार भएर हुदैनभन्ने तर्क गर्ने दिशानिर्देश का तात्कालिन पाहुना रबिन्द्रमिश्र थिए,p
धेरै साहित्यकार अल्कोहलिक छन् जनताहरुमा पनि यो समस्याकै रुपमा छ,nu
बिजयकुमार ज्यू ले आफ्ना यसबारे अनुभब बोलिदिए पनि केही सुधार हुनेथियो कि समाजमा,p
बिजयकुमार अाफै ड्रङ्कर हुन,n
हुन् होईन थिए भन्नुपर्ला,p
पुराना लेखक को सिन्दिकेट कहिले सकिन्छ,n
मेरो प्रश्न छ जवाफदेहिता बिहिन शासकबफदारिता बिहिन राष्ट्र सेवक इमान्दारिताबिहिन प्रतिपक्ष खबरदारिताहिन,n
जनताले के लोकतन्त्र जनताको ऐश्वर्य र सार्थक बन्छ पत्रकारिता नेपाल को चौथो अंङ्ग आफनैमा पारदर्शीता आवस्यक छ कि छैन,n
बिजय दाइलाई प्रश्न कसरी हाकाहाकी कुरा गर्न सक्नु हुन्छ,p
यसको लागि कार्यक्रम मार्फत एउटा अपिल गर्न म अनुरोध गर्न चाहन्छु यदि यो उपयुक्त हुन्छ भने,p
एउटा कुनै लेखौ अनि को हरेक मा सबै मिलेर गरौं अनि नेपालमा अपराध कम गर्न एउटा फेसबुक अफिस खोल्न दबाब मुलक सन्देश दिऔ,p
मैले पनि मनमा सोचेको थिए धेरैले अपिल गरे कसो नहोला,p
ले भन्नुभएको यो कुरा एकदम सहि हो धेरैजना यस्तो लुटको चटारोमा परेको उदाहरण हामी धेरै जना सग छ,p
फेसबुक अपराध वास्तविक डाटा राख्ने फेसबुक अफिस राख्न मार्क जुक्भर लाई अनुरोध गरौ,p
यो विषय भन्दा र सुन्दा सामान्य लागेपनि यस किसिमको कार्यमा ब्रह्म्लुट,n
हुने गरेको यस विषयमा पनि रिपोर्टिङ हुनु पर्यो हजुरहरुको टिम बाट,nu
मनोरन्जन कला को स्तर को मुल्यान्कन दर्शक ले गर्ने हो यस्तै नै हुनु पर्छ यो मात्र स्तरिय हो भन्ने हुनु पर्छ भन्ने छैन कलाले अनैतीकता र अपराध को प्रिस्टपोशण मात्र नगरे हुन्छ दर्शक हासिरहेकाछन रमाइ रहेकाछन भने कसैलाई किन टाउको दुखाइ,n
त्यो साथिलै मेरोअनुरोध एस्तो अर्काको चरित्र हत्त्यागर्नेकामनगर्नुहोला,n
यस्तै चाला हो भन्ने सरकारले फेस बुक बन्द गरिनु पर्छ,n
नेपालमा पनि जस्तो अनुसन्धान गर्ने टिम बनाएर काम गर्न सकिन्छ कि रबि सर,p
प्रहरीकोमा रिपोर्ट गर्नुपरो,nu
मैले त हेर्न छाेडिदिएं नेपाली हास्य सिरियल,n
यस्ताे हरकत गर्ने लाई हद सम्म को कारबाही होस,nu
पुलिस,nu
सिधा साधा नेपालि जनातालाइ नेताले लुटे कर्मचारीले लुटे दलाल गुण्डा नाइकेले लुटे,n
समाजका टाठाबाठाले लुटे हुदा हुदै अहिले आयर टिभीका शो हरुले पनि लुटे,n
नलुटने जनतालाई राहत आहत चाहत दिने भनेको सिधा कुरा जनता संगका जुझारु टिम मात्र रहेछन,n
धेरै धरै धन्यवाद सानाे सुझाव पनि अामा काठमाडाैंमा भेटिन पढ्दा पहिले त झसङ्ग बनायाे भेटिन् भनेर न काे खुट्टाे काट्ता समर्थात्मक अर्थ लाग्छ भेटिन भनेर न काे खुट्टाे नकाट्ता निषेधात्मक अर्थ दिन्छ विज्ञेषु किमधिकम्,p
मिनेट सम्म हो रवि दाइले सइ दिनुभो हिजो जनतासँग प्रधानमन्त्री कार्यक्रम चलाउँने एउटा मान्छे बकबक गर्दै थियो छिट्टै ध्यान पुर्याउनु होला ज्यु त्यस्ता कोई चाकडीबाजहरु भन्दा पनि खतरनाक हुन्छन्है,p
हजुर र हजुरको टिमलाई सलाम आफूलाई जन्म दिने आमा किनेर पाइदैन बनाएर बनिदैन त्यसैले आमा नहुदाको पिडा सोचेर सोच्न सकिन्न्न,p
सित्तैमा कसैले मुस्कान त दिदैन लाखौ पैसा दिन्छ कसैले ठग हो त्यो जय होस दाजु को,p
संसारमा थोरै मात्र आमाहरु हुनुहुन्छ जो तपाईं जस्तो हृदय बोकेको सु पुत्र जन्माउने रबि जि कोटि कोटि प्रणाम हजुरको आमालाई,p
सलाम छ रबि सर हजुरलाई सधै हाम्रो साथ र सपोत रहनेछ,p
रबिसर हजुरका यस्ता हरेक कामले म सधा पर्सन्न मात्रै होइन बताउनै नसकिने खुसियालीमा रमाई रहेको छु तर यी अामा छोरिको मिलन भएको र मिलन गराउनमा हजुरको पुर्ण सहयोगमा मेरा अाखबाट अाशु बगे तपाईंको भबिष्य सदा उज्ज्वल रहोस सत्रु सदा टाढा रहुन,p
सलाम रबि दाइ,p
जय होस रवि लामिछाने टिमको,p
बर्षौ देखी बिछोडको पिडाले बलिनआँशुका धारा चुहाएर रुने,n
आमा छोरी को मिलन गराएर समालि नसक्नु खुसी दिने रबि सर लाई दुई हात जोडी प्रणाम छ रबि सर,p
भगवानको आँखा पनि खुसीका आँसु आएहोलान,n
आमा छोरीको मिलन साँचिकै स्मरणीय रहनेछ जिन्दगीभर सिधा कुरा टिम लाई हिर्दय देखी नमन छ,p
नया पुस्ताका सर्वाधिक प्रभावशाली सहकर्मीसंग संवादको अवसर मेरा लागी पनि उतिकै सुखद हो अहिले मात्र होइन बर्षौ अघि प्रकासित खुसी मा पनि रबि लामिछाने भाईका प्रति आफ्ना भावनाहरु पोखेको थिए,p
हामि अाम जनताकाे बहुमत तपाईकाे नाममा दर्ता गरेका छम सर निर्ढुक्क भऐर हिड्नु पर्छ सर अबकाे पियम रबिलामछाने सर तपाईकाे काम कार्यकाे म सधै हिर्दय देखि नै सलाम जयनेपाल भन्न चाहे सर मिस यु टु,p
राम्रा नैतिक वान मांछे हरू जसै एकै ठाऊ हुंछ ढीलो छीट्टो ख़ुशी लग्यो शुभ कामना,p
सबैको आआफ्नो क्षेत्र हुन्छएउटा कुलमानको विज्ञताले हामीलाई अँध्यारोबाट मुक्ति दिलाए,p
रवि लामिछाने पनि पत्रकारिता जगतका विज्ञ हुन्उनले आफ्नो कर्म कुशलता पूर्वक निर्वाह गरी रहेका छन्,p
उनलाई उनकै विशिष्टिकरणको क्षेत्रबाट योगदान पुर्याउन दिउँउनको अनावश्यक भोक नजगाउँ,p
पर्खाइमा छम हामी दाजि,p
संवाद सुन्न र हेर्न आतुर छम सर,p
अब बिकलप खाेजने बेला भकाे छ जनमत रबि सर काे हाे बिजय सर राजनिती जाेजडु हाेला थाेर,p
राष्ट्रका सच्चा सपूत दुबै जना लाई सलाम छ,p
जय नेपाल रबि सर,p
अाजकल बजारमा एकदमै विलासि महगा सरकारि कार तथा ५० सि सि भन्दा माथिका सरकारि माेटरसाइकल दाैडिन्छन सार्वजनिक साधनमा झुन्डिएर यात्रा गर्ने हामीले त्यस्ता महगा साधन सरकारलाइ किनिदिन सक्दैनाै,n
भ्रष्ट हरुले जनताले थाहा नपाउदा सम्म भ्रष्टाचार गरिरहने,n
थाहा पाएपछि फिर्ता गर्छु भनेर सुख पाईन्छ ढाँटी छलि मुद्दा,n
अन्तर्गत घर भएर पनि घरभाडा असुल्ने सबै भ्रष्टहरुसाई अदालतमै मुद्दा दायर गरिनुपर्दछ,n
चोर ले चोरेको थाहा पाएपछि सामान फिर्ता गर्छु भनेर पाईन्छ,n
श्रीमति को घर मा बसेर होला श्रीमान हरु घर भाडा बुझेका अनि श्रीमान हरुको घर मा बसेर होला श्रीमती हरुले बुझेका,p
कठै येस्ता नेतापनि छन है हाम्रो नेपालमा पैसा कसरी आउँछ भन्ने पनि थाहानै छैनरे,nu
मेरो मा आउथेयो मैले चेक नै गरिन रे कति सम्म लाज मर्दो कुरा गरेको अचम्मका नेता कसलाइ के भन्ने कतै लाज पनि बाकी छर अब कठैहाम्रोदेस भस्टचारिले,n
उता विकटकाे स्वास्थ चाैकीमा सिटामाेल सम्म छैन यता घरभाडा अनि घर मर्मत भनेर पैशा दिनेरहेछ के यही त गणतन्त्र मजा,n
आज सम्म हजुर को बारेमा कसैले नराम्रो भनेको सुनेको चुइना सधै यस्तै गरि नेपाली को मन मा बस्नु होला,p
घरभाडा भनेर लगेको त फिर्ता गर्लान तर घर मर्मत भनेर लगिने भाडाको आधा चाही क्यार्ने होला महीने पीछे घर मर्मत चाही के गर्न पर्ने रैछ,n
नेताहरु पनि एस्ता पायौं कि न तिनिहरु जनता भन्दा शिक्षित छन न त यिनीहरू मा काम गर्ने ईक्षा शक्ती नै छन बस छन त मात्र लोभी पन नाताबाद गोताबाद देश भक्ती भन्ने त यिनीहरु मा जिरी प्रतिशत छ,n
यि भ्रष्ट्रचारिहरुलाई भबिष्यमा सांसद बन्न अयोग्य हुने गरि बर्खास्त गरिनुपर्छ,n
जस्तो भर्ष्ट्राचारी कर्मचारिलाई गरिन्छ होला यदि यी भर्ष्टाचारी सांसदमन्त्रीहरुलाई बर्खास्त गरिंदैन भने भ्रष्टाचार,n
कर्मचारिहरुलाईपनि नगरियोस किनकी नियमकानुनको नजरमा सबै बराबर,nu
सबैभन्दा पहिला खोजीपत्रकारिताका माध्यमबाट भ्रष्टहरूलाई नाङगेझार पार्ने पत्रकारलाई सलाम,p
रबि सरको सहास इमानदारी र जोस ले एक दिन नेपाल ले कोल्टे फेर्नेमा हामि ढुक्क छौ बरु आफु मरिन्छ तर रबि लाई केहि हुन दिन्नौ केहि कुबिचार भएका नालाएक हरु रबि सर को खेदो खन्दैछन तर हामि सबै लाई नियालि रहेका का छौ रबि सर हजुर ढुक्क रहनु होला हजुरको लागि हामि मर्न तयार छौ,p
यो विषयमा संवैधानिक पदाधिकारी तथा न्यायाधीशको पनि जाँचबुझ गर्ने कि भ्रष्टाचारको अनुसन्धान गर्ने र फैसला गर्नको अनुहार जनतालाई देखाउँदा सुधार आरम्भ हुन्थ्यो कि,nu
रबि जि छाडिदिनुस गधा हरु लाई जति धोए पनि गाई बन्दैन उपिया हरु को जय होस मेरो देश,p
यो कार्यक्रम रेडियो बाट पनि प्रत्यक्ष प्रसारण हुनुपर्छ,nu
ल आजको जस्तो कार्यक्रममा जस्तै एकभाग चाई नेताहरुको भण्डाफोर विशेष सई लाग्यो,p
सर्बहनराको नाउमा देशको ढुकुटी रित्याउन र गरिब जनतालाई करको मार फसायर मोज गर्ने,n
ती पापि उडुस खुन चुसुवा,n
हईलाई सजाय किन हुदैन हिजो अरूलाई सामन्ति भनेर कुर्लिने उडुस उपिया,n
अाज अाफै सामन्ति का बाउ बनेर बसेका छन यस्तालाई कारबाही हुनैपर्छ,p
लुटेरा हरु ले लुटि रहेको छ देश लाई,n
लुटतन्त्रमा न लुटेर के गर्दीए हुन्थ्यो भन्ने लागीराछ रबीजी,n
राजधानीमा घर हुदाहुदै घरभाडा लिने अधिकांस सांसदहरूले आफुले घर भएको विवरण बुझाएको र आफ्नो नाममा घरभाडा बापतको रकम जम्मा भएको बारेमा मिडियामा आएपछि मात्रै जानकारी भएको बताएका छन् अब फेरि संसद सचिवालय पदाधिकारीलाई प्रश्न गर्नुस् जी घर भएको जानकारी दिदादिदै किन पैसा जम्मागरेको,n
नेपाललाई गरिब बनाऊने यीनहरुले घर भाड़ा त खुलेर भ्रस्टचार गर्छन अरु कति हसुरे होला,n
तपाईले उठाउनु भएकाे घर भाडाकाे कुरा सारै राम्राे लाग्याे यस्ता कुरा अाईरहाेस्,p
अनि यस्ता नेताहरूबाट देश बिकासको आश राख्ने थुक्क हामी नेपाली,n
ठुला ठालु गाउँ घर तिरका चाेर डाँका हरु लुटतन्त्,n
देस नामाकरण गर्न पाे सिह दरबार पसेछन बिचारा साेझा साझा जनतालाई पाे एैन कानुन ठलाठाला डकाँ हरुलाई चैन अाराम कठै नेपालकाे कानुन दैबले जानुन,n
नेपालको राजनीतिको कन्तबिजोग हामीले दिएको भोटको सत्यानास थुइक्क बैमान हरु,n
एक्नाथमाधब जस्ता धर्मद्रोही संस्कृति बिरोधि लाई सुरक्षा हैन हनुमानढोका को एउटा कोठा दिनुपर्छ सुरक्षा हैन,n
ब्यक्तिगत स्वार्थ को लागि सिङै नेपाल लाई खैरेहरुको गुलाम बनाउने खेल हुदैछ नेपाल लाई इसाईकरण बनाएर समयमैजागौहामी,n
सुनिन्छ यो संस्था कम्युनिस्ट बिरोधी रे,n
तर हाम्रा कम्युनिस्ट नेतादयहरु नै लाम लागेर तामझामका साथ परमेश्वर कि छोरिको आशिर्वाद ग्रहण गर्न गए डलरले पनि कमाल नै गर्यो,p
गाठेधर्मलाई अफिम मान्नेहरु आफै वाइबल समाइ परमेश्वरको स्तुति गाउछ्न भने यिनिहरु कम्युनिस्ट भए कि कमाउनिस्ट हजुर,nu
रबि सर तपाईंले जनता को जिज्ञासा लाई एकनाथ ढकाल समक्ष्य प्रस्न राखिरहदा उहाँ को प्रती उत्तर नै चित्तबुझ्दो आए जस्तो महसुस भएन तर पनि जेहोस आफ्नो सस्कार मा राज्य प्रती थोरै नै भए पनि हिलो दल्ने काम बौद्धिक जमात बाट नै भएकोमा उहाँ जस्तो मान्य लाई बुद्धि को सडेरी नपरोसजय होस,p
हिन्दु राष्ट लाई धर्म निर्पछ्य काे नाममा बिदेसि हरु बाट डलर खाऐर कसैकाे बिराेध छैन भन्नु सुर््छा काे माध गर्नु भन्दा ठुलाे अपराध बेहि हैन,nu
सरकारि उच्च अाेहदाका साेषक दलाल हरुकाे कारण नेपालि जनताले कहिले सान्ति र बिकास काे महसुस गर्नु,p
लाई कुनामा ल्याएर स्टुडियोको राम्रो सँग प्रश्न सोध्नु त रविजी लाज लाग्छ सोच्दा यस्ता मान्छेले प्रधानमन्त्री पद धारण गरे यो देशमा पावर मा हुँदा के के विध्वंस मच्चाएको होलान् इनिले,n
अबको मिसन भनेको नै यस्ता भस्ट्चारिलाइ नङ्ग्गाउदै जानुपर्छ रबि सरजनता साथमा छम,n
धन्न रवि दाइ हुनुहुन्छर नेपाली गरीब सिधासाधा जनताको मनमा आसा भरोषा छएउटा श्रम कार्यालय सुधार्न नसक्ने गोकर्णेले गफ त आकासका तारा झार्ने गर्दै थियो तसिधै गोकर्ण विस्ट सँग फ्लो अप गर्नुन रवि दाजु श्रम कार्यालयको स्थिति को बारेमा,p
यी ठुल्ठुला राजनीति कुरा हामीलाई नसुनाउनु बरू अस्ति सुधारगृहमा सिंघम पारामा छापा मारेर,n
रेस्क्यु गरेका ट्यापे जड्याहा गँजडी ड्रगिसलाई के गर्नुभो तिनेरूको अवस्था कृयाकलाप के छ रिपोर्टिङ गर्नु परो जनता जान्न चहन्छन,n
यी सबै धर्मद्रोही र देश द्रोही हुन् एकनाथ पनि माकुने पनि भिखमंगा हरु हुन् कटौरा लियेर डलर माग्दै छन्,n
रबि सर हजुर लाई धम्की दिनेको के भयो,n
कुरा गरि के साध्य र रबि जि,nu
लज्जा शरणम नेपाल् का हरु,nu
भनी सक्याछन आरोप सिद्द भय टुढिखेलमा लगेर झुन्डाउनु हो यदि आरोप सिद्द हुन्छ भने ढिलानगरी इन्लाइ झुन्डाउन पर्च,n
मुकुन्दे भन्दा नालायक व्यक्तिहरुको हातमा देश,n
पैसा भयेछी केही चाइदेन भन्ने सोचले आज ब्यक्ती हुदइ रास्ट्र सम्म डुब्न लाग्यो,n
स्नेही काख लाई लाखौ सलाम,p
अाज दुनियाँ पैसाको पछि होड बाजि चलेको छ,n
कस्ले कसलाई जित्ने तर समाजमा यस्ता उदारण पनि छन् जो अापनु पेट काटेर दोस्राको पेट अगाएका छन् सबैलाई धन्यवाद,p
सलाम छ रवि सर हजुर लागि,p
यॉहा जोडनु पर्नेत पतितत पतितनै भए सिंगो संन्सारलाइ राज्यगर्ने प्रभुभक्तहरू यस्ता होसहराएका समेतको धर्मान्तरणमा लाग्नु ठुलो बेइजत हैनर,nu
सारै राम्रो काम दिदी लगाएत उहाको टिम सम्पुर्ण लाई धेरै धेरै सुभकाम्ना यस्ता काम हरु को धेरै जरुरी छ सलाम छ,p
मिडियाले अाफ्नो ज्यानको बाजी लगाएर भण्डाफोर गर्छ केहि कालाकोटे बर्दिधारीहरुले कमजोर बनाई मुद्धा पेस गर्छन,n
अनि साधरण तारेखमा कुख्यात अपराधीहरु छुट्छन लोैन यो देशको कालाकोटेहरुको वुद्धिमा बिर्को उघ्रियोस्,n
रबि सर अब त अति भो देशमा केहि गर्नु होस्या त कुनै पार्टीमा सामेल हुनु होस होइन भने आफै पार्टी खोल्नु होस्,p
करोडभन्दा करोड जनताको साथ हुदा पनि किन चुप लागेर बस्नु भएकोहजुरका कामहरू लाई सलाम गर्छुरब,p
ि सर अब पार्टी खोल्नु होस् हामी सधै हजुरको साथ मा छौ,p
दुर्बेस्निमा लाग्नु पनि ठिक होइन सर यस्तो दिक्क बनाउछन इनिहरुले कि भोग्नेलाइ नै थाहा हुन्छ राम्रो आचरण भीदेखी राख्नु नै पर्दैन,n
थियो इनिहरु न आफू राम्रोसँग बाच्छन नत अरुलाइ सान्तिले बाच्न दिन्छनयद्यपि अमानवीय कार्य गर्नु गलत हो,n
ठूला कुरा गर्ने असल काम को सिन्को नभाच्ने बाँदर प्रब्रितीका प्रभुबादी नेतालाई राख्न उत्तम स्थान रहेछ,n
सलाम रबी सर,p
आफ्नै दाजु भाइ छोरि चेलि माथि को यस्तो दुर ब्याबाहार,n
कसम मन रुएर आउछ,n
नेपालमा अरु रबि २४ जना जन्मिनु पर्छ रबि लाइ सलाम छ,p
अति भो नि यो त पैसा पनि तिर्नु अनि पिसाब पनि यस्को सजाय कडा हुनु पर्छ,n
मेराे तर्फबाट सलाम रहिरहाेस हरेक पल पलमा रवि सर हजुरकाे कठाेर बाचा लक्ष्य सदा सदा यस्तै रहिरहाेस जय हाेस,p
गार्जेनले पनि सिसिटिभि काे भरमा हेरेर घर नजानु पर्ने थ्याे रवि सर एक पटक मेराे छाेरासँग बाेलेर जान्छु भन्नू पर्ने,n
दर्दानक,n
राजधानीमा सरकार देखी सडक सम्म का सबै धन्दा र कामकाज हरु क्रुर र अमानबिय तबरले नै चलिरहेका छन,n
पैसाका लागि कतिसम्म क्रूर र अमानवीय हुन सक्दा रहेछन् है यी दानवहरु,n
तेह्र बस्न पैसा तिर्नु पर्ने रैछ भर्खर एक जनाले हजार जति तिरेर राख्नु भयको छ केश झापाको हो तिर्न पर्ने र नपर्ने बारे पनि प्रष्ट बुझाइ दिनु होला,n
यि क्रुर राक्षसी प्रवृतिका दानवहरुलाई शिर छेदन गरे पनि कम सजाय हुन्छ मानवता मरेका मानवहरु पाप करायो जुनि भर जेलमा सडाउनु पर्छ,n
वरू जेलमा पनि त्यस्तो घृणित यातना हूदैन होला नर पिचासहरू,n
सलाम सर एक सच्चा नेपाल आमा को सपूत हजुरको प्रत्येक कार्य प्रति गौरभले प्रफुल्लित छौ,p
जे होस सिधा कुरा जनता सङ्ग एक यस्तो कार्यक्रम हो जस्लाइ दिल देखि नै सलाम गर्न मन लाग्छ र गर्छु पनि,p
अहिले जस्लाइ समस्या पर्छ पुलिश को मा होइन यनि रबि सरको टिम लाइ सम्झिने गर्छ यो बिस्वाश हो प्रति जय होस रबि सर,p
भ्रष्टाचारीले घुस माग्नु र बलात्कारीले बलात्कार गर्ने प्रयास गर्नु एकै हो जसले तपाइको इज्जत लिलाम हुन्छ एक सचेत नागरिकको हैसियतले घुस खुवाउन बन्द गरौ र कसैले घुस माग्छ भने खबरदारी गरौ,p
भ्रष्टाचारीहरुको अझौ भन्डाफोर गर्दै जानुस् शुभकामना रबि सर,p
हजुर पत्रकारिता जस्तै हजुर जस्तै अरु जना निक्लिए देश ले राहत पाउने थियो सलाम रबि सर,p
पद को भर मा मनब बेच बिखन गर्ने नेपाली राजदुत लक्की सेर्पा लाई सिदै जमिन मुनि छिराउनु पर्छ ता कि आउने राजदुत तथा भको राजदुत लाई चेतना होस,p
राजदूत ले नै यस्तो गर्ने भयपछी अरुले के बाक़ी राख्लान र अर्कों कूरा जान्न मन भयको यदि राजदूतावस बाट कुनै निकायमा कार्बाहीको लागी पत्राचार भयको खंडमा सम्बंधित निकायले कार्बाही गर्छ की गर्दैन,n
भ्रस्टाचारिको १३दिने पुस्तानै किरापरेर नर्कमा जानू परोस भन्दा हुन्छ कि रबि दाइ,n
सानो सच्चाई काङ्रेस प्रवक्ता विश्व प्रकाश शर्मा,nu
राजदुत दोशी साबित भए के सजाय हुन्छ होलाजिज्ञासापावर र पैसामा बिक्ने हाम्रो देशको कानुन ती कानुनका ठेलि पढ्नेले नै जानुन,n
धेरै राम्रो कामको सुरुवात,p
सप्तरी बासी एक उत्पीडित समुदायका लागि यहाँले पुर्याउनु भएको योगदान प्रभुको खातामा हजूर निम्ति सत्कार्य भनी लेखिने छ असंख्य धन्यवाद,p
मुसहर बस्ती हस्तान्तरण संगै सिधाकुरा कार्यक्रमको ३०० औं भागमा आएर जानअन्जानमा भएका गल्तिहरु स्वीकार गर्दा धेरै खुसी अनि यस कार्यक्रम प्रती झन बढी बिश्वास भयो लाखौं करोडौं एपिसाेड हरु देख्न पाइयोस् शुभकामना,p
वाहबधाई हो यस्तै खूशिका ख़बरहरू सधै सुन्न पाई रहुँ हजूर युगयुग सम्म रहनु हजूरको जय होस,p
के भान्नु र रबि दाइ बोल्नेलेख्ने सब्द नै छैनटाडै बाट भएपनी तनक्क तन्केर सल्युट बजारेको छु सुइकारिदिनु होला,p
बधाई छ दाइ अब कर्णाली को हस्पिटलले पनि मुहुर्त रुप लियी छिटोभन्दा त्याहाका जनताले आफ्नो स्वास्थ सेवा प्राप्त गर्ने छन धन्यवाद को पात्र हुनुहुन्छ दाजु,p
रवी लामिछाने बिदेशी नागरिक हो भनेर बितन्डा झिक्ने ले पनि यो श्रीङ्खला हेर्नु भयो होला वहाँ लाई पनि शुभकामना,nu
बधाई,p
मुसहर वस्ती,nu
हार्दिक बधाई तथा सुभकामना,p
बधाइ तथा शुभकामना रबि दाइ करिब ३ करोड जनमन बोकेको यति बलियो कार्यक्रमले ३०० शृँखला पुरा गरेको यो घडिमा तपाइँ र तपाईँको टिमको सम्मानमा खर्च गर्ने कुनै बलियो शब्दहरु नहुँदा नहुँदै पनि हृद्धयको अन्तिम बिन्दुदेखिनै सम्मानित बधाइ तथा शुभकामना ओच्छ्याएँ दाइ,p
सलाम छ् रबि स्र हजुर को माहन बिचार को लागि,p
धेरै राम्रो काम,p
यो काम उदाहरणको एक खम्बा भएको छ जसले गर्दा हामिलाइ नि काम गर्ने उर्जा मिलेको छ सम्मान को अर्थ तपाईलाई हेर्दा पुग्दा रबि दा,p
सामाजिक उत्तरदायित्व सँगसँगै उदाहरणीय काम पुरा गरेकोमा बधाई छ,p
मैले बिश्वास गर्ने देशको एक मात्र सपूत सर मात्र हो,p
तपाई काम देखेर कतिपय को मन कस्तो जल्दोहोला है तर म चाहिँ हजुर यस्तै काम देखेर अतिनै खुशी हुन्छु,p
आगामी दिन हरुको काम ले पनि यस्तै सफलता मिलोस भन्ने कामना गर्छु र यस् सुखद घडीमा हार्दिक बधाई छ,p
यो हो मानबता अशल गुन रबि सर,p
आजको दिनमा यी नेता महाराजा हरुलाइ निम्तो नगरेको भय झन सुनमा सुगन्ध हुने थियो,nu
राम्राे काम बधाइ छ किप इट अप,p
सलाम रबी दाई,p
धेरै राम्रो काम छ सर आस गर्छु भबिस्यमा मेरो सन्न्तान्लाइ पनि हजुर जस्तै स्वभावको बनाउन उत्प्रेरित गर्नेछु,p
हजुर जस्तो सन्तान दिनुहुने बुवाआमालाइ हार्दिक नमन प्रकट गर्दछु्,p
जब मान्छेमा चेतना आउदैन दिमाग देखि बोक्सी बलत्कार र सामाजिक बिसन्गती अनबरत रूपमा चल्दै जान्छ,n
एक जना रवि मात्र लडेर हुदैन,p
न्याय र समाजका बिकृतिहरु बिरूद्ध आवाज उठाउने अरु संघ संस्था राजनितिज्ञ बुद्धिजीवी र जनता आफै जागरूप भए भने मात्र यस्ता घटना कम होलान,n
नत्र चमत्कार हुदै हुदैन,n
हजुर ले गरको हरेक काममा म खुशी छु दाजु अनि मेरो माग पूरा गर्न परो दाजु निर्मला ले न्याय पाउन परो नी खै न्याय त अनी आवाज उठाउन परो हजुरले फेरि,p
विक्रम सम्बत २१०० लाग्न अब २५ वर्ष मात्र बाकी छ तर ब्यवहार भने सम्बत १८०० तिर को जस्तो छ,n
राम्राे लाई राम्राे नराम्राे लाई नराम्राे भन्न पाउनु हाम्राे अधिकार हाे नि सर तर भन्न पाे सक्नु पर्याे नि यहि राम्राे काम गर्नु भाकाे नि सर तपाई लाई म सलाम ठाेक्न चाहे ल सर,p
राम्रो काम गर्नेलाइ पुरस्कृत गर्ने बानी बसाल्नु पर्छ,p
यो त प्रष्ट छ तत्कालिन मन्त्रीहरु अनि बिधुत प्राधिकरणका भ्रष्ट बोर्ड मेम्बर र कर्मचारीहरु हुन,n
आउदा बितिकै शेर गरे ढिलो नगरी,nu
हामी सबै नेपालीको आशाको किरण अनि रास्ट्रको सपूत महान चाड तिहारको हजूरलाई लाखौलाख सूभकामना हामीलाई खूशि राख्नू भाकोछ हजूरको जय होस,p
जसरी कुलमान जि ले यो देशको लोडसेडिङ युग अन्त्य गर्दै उज्यालो युग साहाकार पारे,p
अब तेसैगरी यो देशको भ्रष्टपथबेथिति र अराजकता युगको पनि अन्त्य गर्ने एक पहलमान श्री पनि भै दिए आहा कति सुन्दर र उज्यालो हुन्थियो होला यो हाम्रो नेपाल,p
हार्दिक बधाई राष्ट्रका खास सपुत लाई,p
हजुर हरु दुबै को जय होस हजुर हरु जस्तै सपूत को खोजी गरिरहेका छौ हामी नेपाली हरु,p
हार्दिक बदाई कुलमान सर,p
हजुको जस्तो सोचाइ भएको व्यक्ती नेपाली समाज मा जरुरी छ धेरै धेरै शुभकामना छ हजुर लाइ तिहारको,p
सम्पुर्ण नेपाली लाई सुभ दिपावली,p
नेपाल विद्युत प्रधिकरणले अहिले गरेको काममा जनार्धन शर्माको मुल्यांकन अनि योगदान बिर्सनु हुन्न,p
जस्तो लाग्छ उनलाई पनि प्रत्सोहान गरे पुन पदमा पुगे राम्रो काम गर्ने छन् नि होईन र,nu
रवि सर उहालाई मेरेा प्रश्न बाटेा बनाउन ठिक्क परेकेा ठाउमा बिजुलीकेा पेालले गर्दा काम ढिलो हुने ठेकदारकेा अारेाप,n
हुन्छ यस्ता समस्या हटाउन के कस्तेा कदम चाल्नु भएकेा छ उहाले,nu
यसमा हजुर पनि योगदान छ रबि सर,nu
लक्ष्मीपूजाको दिन पनि बिजुली गएन एक सक्षम इमान्दार र निष्ठावान व्यक्तिलाई जिम्मेवारी दिने हो भने हरेक संस्थाले काँचुली फेर्न सक्छ,p
भन्ने राम्रो उदाहरण हुनुहुन्छ कुलमान घिसिङ र उहाँले नेतृत्व गरेको नेपाल विद्युत प्राधिकरण एउटा व्यक्तिको कामले देशले गौरव गर्नसक्छ,p
वाह गजब काम,p
गतिलो जनताको सरकार हुन्थियो त यसरी सयौं दिन सम्म निर्मला पन्तको बलात्कार गरि हत्यागर्ने जघन्यका अपराधीले यत्तिका दिन सम्म उन्मुक्ति पाउने थियो रलाचारी र निकम्मापन दर्साउने साशककै उपजले गर्दा पिडकले समाजमा उन्मुक्ति र पिडितले सडकमा भौतारिदै न्याय देउ सरकार भन्ने दिन आउदोरहेछ,n
देस सकिनेमा जान थालो पुरानो पाटिहरु सबैलाइ फालेर जसरी पाकिस्तान अायो नेपालले पनि यसरी अगाडि बठे उत्तम हुनेछ,nu
हो सर लज्जित हुनुपर्ने तपाईंले नै हो धिक्कार छ,n
तपाईंलाई तपाईंको जिम्मेवारी थियो यो पूरा गर्न सक्नुभएन,n
अरूलाई के मतलब यस्तो लाग्छ कि रबि लामिछनेलाई सारा न्याय खोज्ने जिम्मा दिएर मस्त सुतीराछन् सम्बन्धित भनाउदा हरु,n
साथै निर्मलालाई न्याय दिलाउन नसकेको समाचार सुन्दा पढ्दा र हेरिरहँदा अनि वीर गोर्खालीको सन्तती भएर पनि केही गर्न नसक्दा आफुलाई धिक्कार लागिरहेछ,n
एक मात्र रास्ट्रको सपुत पुत्र रवीलामिछाने जो हरदम असाहय पीडा उत्पिडन र रोदनमा अहोरात्रा खटिने र तिनीहरुको बारेमा आवाज वुलन्द वनाईरहने जत्ति प्रशंसा गरे पनि कम पर्छ,p
हिरो बन्यो मुजी फेरी,n
ए मा यस्को चटक तेतिमा टोक्ने,n
न्याय मार्ने होईन दिने निकाय चाहियो अन्याय गर्नेलाई सिर र नाक ठाडो पारेर तिमीले कानूनी कारवाही वहन गर्नुपर्छ भन्न सक्ने एक लालचण्डीको खाँचों हो,nu
सलाम रबी दाई,p
केहि दुख मान्नु पर्दैना रबी दाईसबै काम कस्ले पो गर्न सक्छ र,nu
बलात्कारीलाई कर्बाही गरे ओली सरकार नै ढल्छ सरकसरी कार्बाही गरोस त यो सरकारले,n
धन्यवाद रवीजी खोज पत्रकारिता केन्द्रको रिपोर्टमा अाधारित यो कार्यक्रमका लागि हामीले फलोअप जारी राख्नुपर्छ,nu
मेरो देश नेपाल हाम्रो नेपाल मा किन ड्राइभिङ लाइसेन्स लिनु पर्दा चाड पर्व आए झै कुर्नु पर्छ कैले खुल्छ र फारम भारुम हुन्छ किन सधैं भरी खोल्न सकिँदैन की आउँदैनन् यातायात का कर्मचारी जार्इले खुली रहने होभने दिन रत लाइन बस्नु पर्छ र यसो गर्दा घुस खान नी पाउँदैनन्,nu
हाम्रा नेतालाई जेल हाल्ने हाे,n
भने त पहिला एउटा जिल्ला भरिकाे जेल बनाउनु पर्छ,n
हालका जेलहरुमा उनिहरु अटाउदैनन त्यहि भएर नेताहरु लाई जेल नहालीएकाे हाे,n
साचो लाई साचो गलत लाई गलत भन्न नसक्ने नेपाल का केहि झोले नेता,n
झोले कार्यकर्ता ले गर्दा हो सर नेकपा ठुलो पार्टी एक बलात्कारि ने नेकपा पार्टी को हिजडा बनादिया,n
ठूलो माछा समाउनै पर्छ सरकार भ्रष्टाचार प्रतिको नितिमा काॅह उभिएको छ भनेर अब थाह हून्छ,nu
यदि मन्त्रीहरूलाई जेल हाल्ने हो भने जेलमा ठाउँ नै हुदैन होला,n
रबि सर नेपाल आमाको एक मात्र सच्चा देशभक्त रबि लामिछाने हो सलाम छ हजुरलाई,p
अनि गरे भो नि नि संसार कै सबै भन्दा अशल पत्रकार ले कोस्लाई सुनाको,nu
यहीत विडम्बनापूर्ण छ प्रधामंत्रिको बोली र काममा मेल खाएको छैन,n
हिम्मत गरेर नेपालका मन्त्रिलाई पनी जेल हाल्न सके आख़िर ऊनैको नाम इतिहाँसमा लेखिने थियो,n
तर दुर्भाग्य तेसो भैरहेको छैन,nu
अब प्रधानमन्त्रीले यो काम गर्नु सक्नु पर्छ त्यसमछि आउने मन्त्रीले सहि काम गर्ने छन,nu
यदि हाम्रो देशका नेताहरुलाइ कसैले जेल हाल्न खोजे उइले देश छोद्न पर्छ,n
नत्र जन्म कैद भोग्नुपर्छ बरु चुप लागेकै बेस हजुर आफैलाइ हेर्नू न हजुरलाइ फसाउन मान्छेले मौका मात्र हेरिरहेको छ,n
सायद हजुरजस्तै निडर र सत्यवादी मान्छे खोज्दै छ यो मुलुकले,p
जब सम्म हामी देश चलाक राम्रो पाउदैनौ तब सम्म नेपाल मा केहि हुने बला छैन सर,n
रबिजी धेरै हल्का लाग्यो विषयबस्तु सतही भो आफैले उठान गरेको विषय,nu
आफैले त्यागेको देख्दा ति केटी हरुको ब्यापार कहाँ सम्म छकति सय प्रहरीको उच्छ तहले ति महिला को शरीरमा खेलेका छन,n
अनि कति करोड कोगैह्रकानुनी भयको छ ब्यापार खोइ अनुसन्धानात्मक,nu
प्रहरि गुन्डादलालीभ्रस्टचारी र घुसखोरी को साथी,n
धेरै राम्रो काम सर हजूर लगायत हजूरको टिम ले सधै यसरी काम गर्दै जाओस शुभ कामना,p
पदिय दायित्व वहन गर्न नसक्ने पाल्तुहरु देखि सावधान केहि सुरक्षाको अनुभूति गर्न पाईयोस मा,n
मेरो वर्षको भारत बसाईको क्रममा सबैभन्दा ठुलो कलंक,n
यहीँ हो म नेपाली भनेर थाहा हुने बित्तिकै ठमेल पुगेर फर्कनेहरुको प्रतिक्रिया एक बीयर पिलाके हजारका बिल लिया साला पुलिस भि मिलकर ठगते है,n
नेपालमें तो ठमेल एरिया तो सिर्फ ईन्डियन टुरिष्ट को तुट्ने के लिए है,n
ब्यथिती र बिसंगतिमा चुर्लुम्मै सबै जना रबि सर,n
डांस बार जाने नि लुटेरा नै हुन हामी लाई बाल,n
रबिसरको भनाई सहि छयसरी नै दलाल घुस खोरि हरु पत्ता लगाऊदै अगाडि बढनु होस यसमा जन्ताले साथ दिने छन,p
लुटेरा ठगगुण्डा अनि नेताकाे,n
बिष्ट र भट्ट लाई बरखास्त गर्नुले मात्र निर्मलाले न्याय पाउछिन भन्ने छैन यस्ता हत्याबलात्कार जघन्यका अपराधीलाई यो सरकारले यथासिघ्र पत्तालगाइ कानुनी कठाघरमा उभियाउन सक्छ तब मात्र राज्यको सम्मान र न्यायको मूल्य हुन्छ,nu
पदमा रहेको वा ठुलो मान्छेलाइ कारबाही गर्न सक्ने क्षमता नेपालको कानुनमा नभएकाले बिष्ट लाई बर्खास्त गरि सर्बसाधण बनाए कर्बाही गर्ने सोच बनाएको होला डुकुलन्ठ्यान्ग सरकार ले,nu
रमेश प्रसाइले भने जस्तै या पैसाको बिटो या कलकलाउदो ठिटो हुनुपर्छ नत्र यत्रो नाटक कीन,n
बर्खास्त मात्र होईन यिनिहरुलाई बलात्कारी सरह नै कार्बाही गरेर जेलमा कोच्नु पर्छ कुकुरहरूलाई,n
नेपालको कानुनमा ठूलाबडाले अपराध र गल्ती गर्दा,n
राजीनामा या बर्खास्त गरेसी बाँकी सजाय बाट छुट पाउने व्यवस्था छ कि क्या हो,n
होइन भने निर्मला हत्याकाण्डको अनुसन्धान बर्खास्तीमा सीमित नगरी वास्तविक अपराधी सार्वजनिक गरी सजाय दिलाउनु पर्यो,n
एकदम सहि कुराजस्ले प्रमाण लुकाउने प्रयास गर्छ यो स्पस्ट हुन्छ कि गल्ती,n
उसैले अथवा उस्कै मान्छेले गरेको हो नत्र प्रमाण लुकाउन उस्लाइ किन आवश्यक,nu
भबिस्यमा सरकारी सेवाका लागि किन योग्य भए यस्ता मान्छे पछि यो काण्डमा दोषी जोगाएको,n
भनेर पुरस्कृत हुन बेर छैनयो काण्डमा सरकारकै संलग्नता छ जस्तो लाग्छ मलाई त,n
यो सन्सार पनि कस्तो होला है देश सम्हाल्ने मान्छे आफै येस्तोमा सहभागी भएसी अरुको के आशा राख्नु आफ्नै समाज देखेर वाक्क भैसके म त,n
घुडा टेकाउने भन्दा घुंडा टेक्नेको गल्ती जस्तो लाग्छ पदको लोभमा परेर यस्तो गरेको हुनुपर्छ,nu
यिनलाई राम्रो सङग प्र्स्न सोधनु छ सर,nu
टिका जसरि लगाएपनी हूँछ यो धार्मिक पर्व हो अझ मान्यजनबाट टिका ग्रहण गरी सके पछी खूट्टामा ढोग्ने चलन छ तेसैले टीका लगाउदा दर्जा हेरिदैन तर पत्रकार वा जनताले केही बुझ्न खोजे बझाउनू पर्ने दायित्व चाही पूरा गर्नु परथियो,nu
जिम्मेवारी बाट पन्छिने भात मारा हरु देस द्रोही हुन,n
हेर्न पनि मन लाग्ने हेर्दै लाज लाग्ने तस्वीर,n
त्यसैमा देख्नु पर्ने होईन के हुन खोज्या हो नेपालमा,nu
अस्ति मात्र होईन भन्या हामीले सामन्तवाद फ्यालेको,nu
शासन फेरिएको होईन रवि जीशासक फेरिएका हुन् है कुरा बुझौं न,nu
गणतन्त्र होईन हजुर गलगाँणतन्त्र भन्नुहोस राजतन्त्रमा यसरी घुडै टेकेर टिका ग्रहण गर्नु पर्ने वाध्याता छैन त्यो पनि चेतना होस पुन स्मरण गराउन चाहन्छु यो गलगाँणतन्त्रीय व्यवस्था हो,n
अनेक छ देशमा,nu
पीडा छ हजुर पीडा,n
अनेक अनेक भेटिन्छन,nu
रबि जि लगायत सम्पुर्ण २४ समाचार लाई पनि शुभकामना,p
सम्पुर्ण टिमलाई धेरै धेरै शुभकामना सर,p
टिमलाई धेरै धेरै शुभकामना,p
शुभ दसैँ दाई,p
हजुर लगायत सबै टिम लाई शुभ कामना,p
खुशी दशै रबि सर,p
ख्रीस्टानले हल्लाए त्यो सद्भाव,nu
रबि सर हजुर लाई पनि विजया दशमी को हार्दिक मंगलमय शुभकामना,p
बिजया दशमीको धेरैधेरै शुभकामना,p
महजोडि लगायत हजुर लाई पनि शुभ बिजयदशमि,p
तपाईलाई पनि बडा दशैको शुभकामना सर,p
ऊ जस्तै म पनी रोए त खै कस्ले हेर्यो,n
हाम्रो पनि शुभकामना साथी,p
हाम्रो त हो हामीलाई सबै भन्दा प्यारो र लाग्छ बरू हजूरलाई कस्तो लाइच मन पर्यो कि नाई बिजयादशमीकोशुभकामना,p
बिजया दशमीको शुभकामना दाजु बहरायन बाट,p
हेर्नु भन्दा अरू नजान्नी भैईयाे,n
राम्रा मांछे हरू प्रति सदा नमन,p
रबि दादालाई सलाम गरे अरु सम्बोधन गर्ने शब्द भेटिन,p
हस् दादा प्रतीक्षा मा छु,p
भगवानले पनि डाह गरे उहाँहरुको जीवन देखेर,nu
नेता चरित्र बेचर कमाउन मिल्ने व्यापारी छाेरा छाेरिकाे फर्म बाट र मरेका खसी बाेका बाट पनि कमाउन नपाउने छर सर,n
तुरी समाएको हात धोएरै आउनु पर्छ उहाँले,n
नेपालको जल्दो बल्दो लुटेरा,n
पिसाब फेर्न गयको हात त धोयेरै आउनु पर्छ बिप्प्लप जि आफ्नो कर्येकर्तालाइ सम्झाइ दिनु होला यो कुरा,n
के हो बिप्लब दाजु वास्तविकता जानकारी पाम,nu
निर्मलाको केश के हुँदैछ फलो गर्दै गर्नु होला दाजुबामदेब र रामदेब कान्डले निर्मला ओझेल पर्दै छ,nu
विप्लव नामैले दुनियाँ तर्साउछु भन्ने हरु लाई सत्मार्ग मा ल्याउनुस सर,n
रबि सर भनेको नै हाम्रो लागि भगवान हो अबो हामी सब जनताको आवाज रबि सर सगै साथ मा साथ हात मा हात रबि सर लाई हाम्रो,p
कडा,n
मेरो देस,nu
घिनलाग्दो सरकारले गनाउने काम गर्दै छ खराब प्ररिबिति काे मान्छे हुनुपर्छ,n
मलेसियामा बिषाक्त मदीर सेवन गरेर ज्यान गुमाएको बारेमा एउटा बिषेश रिपोर्ट बनाउनु पर्यो रवीसर चाडपर्व नजीकीदै गर्दा अरु ले पनी फेरी पिउने चेष्टा नगरुन,nu
कुलमान घिसिङ जस्ता २४ जना कार्यकारी भैदे भा त ठिक हुन्थ्यो कि,nu
सलाम छ दाइ,p
खै के सुधार भाछ त् जि,nu
घन्टा  !,n
चित्तबुझ्यो मेरो।,p
कति राम्रो,n
सकारात्मक कुरा,p
उहाले भन्नु भएको कुरा गम्भीर मनन गरेर अघि बड्ने  हो भने कोहि पनि दुखी हुदैन,p
कोहि पनि गरिब हुदैन ।,p
नेपाल र नेपाली जनताको  को माहानायक रेल हिरो रबी सर लाई सलाम छ,p
तरिफ जतिगरेनि रबिको र हजुरको टिमलाइ कम हुनेछ त्यसैले ,p
नमस्कार रवी सर,p
जय हाेस सिधाकुरा जनतासग,p
धेरै धेरै धन्नेवाद रबि सर लगायत सम्बन्धित व्यक्ति लाई,p
जय होस रबि लामिछाने ज्यु को।यस्तो माहान कार्यको लागि,p
हाम्रो देशका यिनिहरु पशुहरु जस्तै लाग्छ।,n
थुक्का सालाहरु,n
खातेहरु,n
सराप लागुन,n
देस मा रबि सर हुनु पर्छ प्रधानमन्त्री अबा,p
जति ठगेर,n
सला बिध्यर्थी नेता  चोर  पुलिश,n
भ्रष्टाचार,n
कति महान कुरा,p
कर्मचारी ले नै देश सकेको हो,n
घुस खाने,n
वा अति आनन्द लाग्ने कुरा,p
घुस दिने,n
कलेज नै बन्द गर्नु पर्छ,n
बेइज्जत गर्ने काम भयो,n
हेरियो सर कार्यक्रम पृथक लाग्यो हजुरलाई पनि शुभकामना,p
कुकर्मले तिमीले कमाएका तिम्रा मित्रहरु भन्दा सत्कर्मले मैले कमाएका मेरा दुश्मनहरु मलाई प्यारा छन्।,p
नागरिकता लाईसेन्स शैक्षिक प्रमाणपत्र जस्ताको त्यस्तै तर नक्कली बनाउनेहरुको स्टिङ अपरेसन गरेका छौ।अर्काले पालेको गाई चोरेर लगेर काटि खानेहरु बारेको रिपोर्टिङपनि आज गरिएको छ,n
कहिलेकाही तारिफको भारीलेपनि सत्कर्म गर्न बाध्य  गराउछ। यसर्थमा try मारुम न भनेर हतार गर्या हो दाइ। के भन्नुहुन्छ,p
एउटा पुल बन्यो भने दुर्गमका लाखौ जनताले सुख पाउछन्।,p
तर त्यही पुल बन्यो भने धेरै नेताले भोट माग्ने बहाना नै गुमाउछन।,n
त्यसैले पुल बनेन र अझै धेरै वर्ष बन्दैन।,n
पुलको राजनीति कस्तो गजबको,p
एउटा एम्बुलेन्स सम्म नभएको कालिकोटको,n
रासकोटमा हामी १५ बेडको स्मार्ट डिजिटल अस्पताल बनाउदै छौ।,p
एउटा निजि टेलिभिजनको कार्यक्रमले भर्खर ५२ओटा घर बनाएर प्रदेश नम्बर २ का मुशहरहरुलाई हस्तान्तरण गरिसकेको छ।,p
अब पालो बिकट कालिकोटको। आजको कार्यक्रम कालिकोट बाटै,nu
सानो बालकलाई रोग लागेको छ,n
र उपचार संभव छ।,p
डाक्टर भन्छन् काठमाडौं लैजानुस आमासङ  पैसा छैन,n
उनले सुनिछ्न हामीले सहयोग गरे छोरा बच्न सक्छ,p
हामी खासै धेरै केही सक्दैनौ थाहा छ।,n
तर बिश्वासको एउटा सानो दियो मात्रै त छ,p
हामीसङ जो धिप धिप्पाउदै भएपनि बाल्दै छौ,p
माघ१ गतेदेखि २४ घन्टा नै टल फ्री टेलिफोन सेवा,p
बैशाख ८ बाट देशका सातै प्रदेशमा कार्यालय र गुनासो सेन्टर,n
भाईबर ह्वाट्स याप मार्फत विश्व भरिका दर्शकहरुले लाईभ सहभागी हुन पाउने गरि नया प्रतिबद्धता आजको कार्यक्रममा।,p
दोष जसलाई लागेपनि भोगाइ बद्लिने होइन,n
मुस्किलको यो घडिमा,n
साथ हौसला प्रदान गर्नुहुने सम्पुर्ण महानुभावहरु प्रति शीर निहुराएरै आभार प्रकट गर्दछु।,p
साथै आफन्त र परिवारप्रति मेरा कारण पर्न गएको चोट,n
प्रति क्षमा याचना समेत गर्दछु,p
आफ्ना तर्फबाट यो बिषय अब सदाकालागि यसरी टुङ्याएको छु,p