,text,label
0, sabai jana gulabama kada,2
1, chha bhanera ganagan garchhan,2
2, ma aaphailai garwa garchhu,1
3, tyo kadama timi jasto gulab jo phuleko chhauchahe timi sahi gar,1
4, ya galat timra bare nakaratmak soch rakhne manisaharu timrai waripari rahanechhan,0
5, hajurako satkarma le kamiekahajur ka ra hamra dusman,0
6, hajur ko jasto mutu chhain tiniharu ko tiniharuk,1
7, aaukat bhaneko ram्ro manchhe ko khutta tannu raichh,1
8, pagal kukur,0
9, pahila rebijako sui laune,0
10, ani tyasta pagal kukuraharu,0
11, lai chhani chhani upachar garne,2
12, ho sar,2
13, salam chha hajuralai,2
14, badhai chha rawi daju,1
15, sanjalama dekhine-bhetine Aadarshwadi,1
16, wyaktiharu madhya kehi pratishat wyakti,2
17, durustai dekhine-bhetine ho bhane,2
18, daiwik sukhako kalpana kasaile garnai pardainathyo,1
19, nepal bhanne mulukaka buddijibi,1
20, bhanaudaharu ra kam garna khojda khutta tanera,0
21, uttano parne digbhramitaharuko jamatale ma arabama,0
22, bechieko bechiai chhu,0
23, tapain atal rahanuhos,1
24, daju tapaiko pakshama hami chhau,1
25, tapaile gareka harek karyaharu jayaj chhan,1
26, khutta kaMai sakeka chhan deshaka kukhyat deshaghatiharule,0
27, hajur laikukarmale timile kamaeka,0
28, timra mitraharu bhanda satkarmale maile kamaeka,1
29, mera dusmanaharu,0
30, malai pyara chhan,1
31, 96 warshaki hajur aamalai sampattikalagi natiharule nikalidiechhan,0
32, aaj uhan rudai rudai karyakramama aaunu bhayo,0
33, atyanta bhawuk banayo aamako pidale,0
34, kasaile nahere unalai,0
35, 50 lakh kharcha garera banaeko shauchalayako halat hernuhola,2
36, meyar sab sanako kura sunda ta shauchalay bhanda dherai rajaniti ganaeko mahasush hunechh,0
37, ani bina parmit bina helmet 9 wata chek posta chhlera wardimai aaeka bharatiy praharilaipani hernu hola,0
38, nagarikata laisensa shaikshik pramanapatra jastako tyastai tar nakkali,0
39, banauneharuko stin aparesan gareka chhauarkale paleko gai chorera,0
40, lagera kati khaneharu,0
41, bareko riportinapani aaj garieko chha,2
42, badhya garauchh yasarthama marum na bhanera hatar,0
43, garya ho dai ke bhannuhunchha,2
44, 104 warshako rana shasan dekhiena tar suniyo ahile nyayalayama dekhieko rana shasan bare sunidaichh,2
45, ra dekhne khub ichchha chhaekai sath 5 nyayadhish mathi chhanabin hunu samanya aat hoinapradhan nyayadhish cholendra shamshera ranaka eka pachhi arka damadar kadamale sakaratmak,1
46, samket gardaichhan,2
47, tyahi pul banyo bhane dherai netale bhot magne bahana nai gumauchhan,2
48, pul banen ra ajhai dherai warsha bandain,0
49, pulako rajaniti kasto gajabako,1
50, euta embulensa samma nabhaeko Kalikotko rasakotama hami 15 bedako smarta dijital aspatal banaudai chhau,1
51, euta niji telibhijanako karyakramale bharkhar 52ota ghar banaera pradesh nambar 2 ka mushaharaharulai hastantaran garisakeko chha,1
52, ab palo bikat Kalikotko aajako karyakram Kalikot batai,1
53, sano balakalai rog lageko chha,0
54, aamasan paisa chhain,0
55, hamisan jo dhip dhippaudai bhaepani baldai chhau,2
56, magh 1 gatedekhi 24 ghanta nai tal phri teliphon,2
57, sewabaishakh 8 bat deshaka satai pradeshama karyalay ra gunaso sentarabhaibar,2
58, hwatsa yap marphat wiswa bharika darshakaharule laibh sahabhagi hun paune gari naya pratibaddhata aajako karyakramama,2
59, dosh jasalai lagepani bhogai badline hoinamuskilako,0
60, yo ghadima sathahausala pradan garnuhune sampurna mahanubhawaharu prati shir nihuraerai aabhar prakat gardachhu,1
61, sathai aaphanta ra pariwaraprati mera karan parna gaeko chot,0
62, prati kshama yachana samet gardachhuaaphna tarphabat yo bishay ab sadaka lagi yasari tunyaeko chhu,2
63, jindagi merai matra layama kahan chaldo rahechh ragoretoma bhetine ra dobatoma chhutineharuko niyat mero washama bhaena,2
64, aaphna galtiharu,0
65, sudharerakanun bamojim sambumdhit sabaiko hak adhikar surakshit,1
66, garisakeko purano ghatanabat kewal path sikna matra sakchhubaki aajako karyakramama bataeko chhu,2
67, mantri rabindra adhikarile kursima jhundiera basna suhaundain mahakali sandhiko birodhama parti parityag,0
68, garna sakne mantrile pad bhanda aaphno kadalai thulo mannu parchha,1
69, shera ba tamanale jibro chipliera rajinama dieko hijo asti matrai ho,1
70, aasha,1
71, ajhai mareko chhain,0
72, manawiy dharma bhanda thulo,1
73, rajaniti ko dharma banyo,2
74, hattiko dat jasto chapaune kun dekhaune kunathamyaunai nasakne ke banyo ke banyojiundo manchhelai 2 patak aaryaghat puryaunelai gharina,0
75, aspatal laijanelai samman garna chahanchhau,1
76, poshakamapani manamapani ra wyabaharamapani rastriyata hune manis kohi 1 jana matra hunuhunchha,1
77, tinai 1 jana prati samman swarup yo tasbir rakheko,1
78, matra huyo tasbir nai rastrawadi hunuko praman chahin hoin,0
79, sathai angreji nayan warsha 2019 ko dherai dherai shubhakamana,1
80, ram bahadur bamjanaka wiruddha utheka prasnaharuko jawaph khojne prayas,2
81, aajako karyakramama gareka chhausetopati dijital patrikako riportinama aadharit rahera phaloap gareka chhaubamjanaka pratinidhi ra prahari prawakta dubaika bhanai samawesh garieko yo episodale dheraiko jijnasa metauchh ki,2
82, widyarthilai bhadkaera aandolan garna lagaune,0
83, ra samchalakasang 4lakh ghus line,0
84, widyarthi netaharulai chinnuholabholi desh banaune yinai hun sakchhan,1
85, priy rabi naya pustakotapai jasto sauryawan ra pratibhawan pratinidhisamg samwadako awasar mera lagi pani uttikai khusiko kura hoyo,1
86, sukhadaawasaraka nimti tapai lagayat sampurna tim,2
87, prayojakaharu ra priyatam nagari Pokhara mahotsawama utsahapurwak sahabhagita janaune,2
88, Sabailai aabharapaisa sabai sanga hola tar dayalu man,1
89, sabai sanga kaha hunchha ra hajurako kam prati samman garchhu,1
90, aaj sammako harek,2
91, budi aama aayera ruda sarai man royo,0
92, rabi samgh kura garda deutanai bhetejai barambar namaskar garirahin,1
93, sachchai mero desh ma dababuram bhattarai rabi lamichhane kulaman ghisin jasta manchhe chhan ra ta desh banchha ki bhanne aash chha kassam,1
94, aajako karyakram hernu hola,2
95, bhabuk banayo rabi sar hajurale gareko ho,0
96, rabi sar hajuralai kun sabdale dhanebadh diu hajur mahan bekTilai,1
97, aama prati ko tapaiko sammalai mero naman,1
98, jasale aaphno swarthama,0
99, janma dine aamar hajuram wa aaphno gharako wujurga lai latyaun khoj,0
100, yesto manis le swartha lai matrai prapta garchha tar jindagi bhari swartha ko aago le poli rahanchha,0
101, eka din chetana awasya aaunechh,1
102, tarachhadekae tir le ghau lagi sakyotar ab arko chhora aayo ti hun rawi ji,1
103, rabisar mahan hunuhunchha,1
104, tar pani ti haruj aamalai jibanabhar palne,1
105, pratibaddata garnu bhanda unilai usaiko chhora buharulai nyayako dayaram lyaera jimma lagaidie uchit hunthyoki,2
106, nepalama esta manisako kamichhainan ki baba aamalai bariddha aasram puryauneharu,0
107, pyaro dai yasari nai agadhi badhnu hola hami haruko sath hajuralai,1
108, rabi saralai salam chha,1
109, dhande wad rabi sar,1
110, yastai pariwarik kuram badhi dhyan dinu bho,2
111, pheri aalochit hunuhunchha haipariwarik samasyalai kanunako bato dekhaidinu upayukta holatelibhijanako pardama bhanda pani,2
112, pachas lakhako lagatako sarwajanik sauchalay ko halat dekhda rajaniti pakhala le damadol bhaechha,0
113, pulis ko kura garne ho bhane biragumj matra hain purwako Rangeli saidama khuleaam bharatiy nambar pletaka mosama bardisahitaka bharatiy pulis pray dekhinchha rokne chhekne kasle,1
114, jo aaphno pariwar ko hun saken usko kura ni ke sunnu jasto lagchha gharighari,0
115, aaphno desh bigarne chor bhrastachari jati Sabailai goli thokau lagchha sadhaibhari,0
116, samsad nai ganai sakae saaichalayat samanya kura hae deshama,0
117, sar 3 karod nepali hajurako sathama chhan hami sabaiko bharosa kahile hajur bat uthne kam hajur bat hun bhaena,1
118, achamma chha rajaniti pani shauchalayama,0
119, khai desh hakneharu nai maphiya chhna kahile hola bikas ra samariddhi,0
120, nikitalai bhitraun po rahechh rawile ishalai ruwai ruwai,0
121, sara srisampati sappai sumpera dirbhos gareko aaphnailai nyay din nasaknele arulai nyay dine dhwan phitnu lajja saranam,0
122, lekhna payo bhandaima je pani hai,0
123, garna payo bhandai ma je pani hai,0
124, stri lampat bhaepani deshako alikati sudharama sahayog garekole sara nepalile sath dieka hun,1
125, jo byakti eka dui tin kohun sakdain tyo charako pani hun sakdain,0
126, lyaune bhanda pani aaune badhi galti dekhchha mero najarale dheraiko chahana tapaim jasto banum bhannechh,1
127, deshakolagi matrai pariwarako lagi kohi nabanun,2
128, ghuMaiphirai dosh jata pharkaepani ghar bhamdine karan bhaneko aaphu swumyam ho bro,0
129, yo bhanda aghillo biheko lagi aru kasaile aashirwad dyathenan ab gharama ‘sidhakura srimati samga’ ani matra studiyoma janatasamg oke,1
130, aakhir swasni chahinenai ho bhane chyat gareka kurako bhar ma dui chhori lai tuhuri banaun bhanda ta ab yasto nagarau bhanera dubai sudhriyako bhay kati ram्ro hune thiyo,1
131, aakhir arkaki swasni lyaun parne rahechh ke tyo bharjin thi ra lyayako hola,0
132, eka jana yasto bhagyamani purush hun jo 45 wata bihe garera pani adhikamsh mahilako najarama Aadarsh wyakti kahalieka chhan,1
133, hardik badhai ewum mumgalamay shubhakamana hajur haru ko dampatya jiwan phalos phulos shukha़may rahos shubh aasirbad,1
134, natak chahin ali dherai nai bhayo hai tapaimko,0
135, wyaktigat jiwan awasya chha sabaiko hunchha tar wyaktigat jiwanama jodiekalai lakhapakha lagaundai nayan sambandha joddai,1
136, yo mero wyaktigat jiwan ho bhandai man lageko garnu sahi hoin,0
137, mahasay nayan waiwahik jiwanako shubhakamana,1
138, tyati lekhisakepachhi antimama shubhakamana bhanera kin lekhnu,0
139, yo pheri sidhai mero yasama samarthan chhainamalai man paren bhane bhaigo ni,0
140, mathi lekhekai chhan ta aaj chahin hami sabaibat eutai kura chahanchhaum aashirwad,1
141, ab yati anurodh nai garepachhi 5 shabdako shubhakamana pani ke nadinu,1
142, mehandiko pat jhai bhaera nepali nariko hatama rumg bharihanuhos,1
143, swachchha paniko muhan bhaera harek nepalilai tirkhako pyas metairahanuhos,1
144, mero tarphabat aashirwad sathai dampati jiwanalai shubhakamana ra halka raMailo,1
145, wigat je bhayo bhayo ab wartamanama wigat nadoho yaunu hola,2
146, aaj euta kura pakka bhayo srimati euti kharab thin,0
147, duiti pani kharab parna sakchhin,0
148, tar eutai manchheko jiwanama tinatin wati srimati nai kharab,0
149, kura pakka chha bigatama tapai kharab charitrakai hunuhudoraichh,0
150, ab bigat badalna sakindain tyasaile bhawisyama charitrawan banna yo biwahale prerana thapos shubhakamana,1
151, shatapratishat,1
152, la badhai chha sar ab dherai janalai kam milne bho,1
153, hajurako bihele kam napakale pani kam paune bhae,1
154, kaTilai samachar banaun bhyai nabhyai hune bho pheri ni rabi sarako biheko samachar padhan naparos yahi bihele saphalata paos,1
155, tapaiko desh ra janatapratiko yogadan mahan chha,1
156, sar tar ke garne deshako kanun nai gatilo chhain aaj pakrinchhna bholi chhutchhna,0
157, tyasaile ta pranalima nai hit nagari hudain bhaneko eka duijanalai dekhaera dherailai phaida hudain bhai,0
158, gai katera khaneharu nepaliko dusman ho,0
159, yasale yo dekhauchh ki nepalama kunai nepaliko sarakar nabhaera kunai jhole paschima bidharmi ko sarakar chha nepalama gai katera khane kunai rumg le herda uchit chhain,2
160, gai hatyara lai kathor danda hunuparchha,0
161, nepalamai basi nepalikai goth bat gai chorera gai katera khaneharu hindu nepalika dusman hun,0
162, salam chha rabi sar,1
163, khai nepal ko kanun daiwale janun chha ke garne,2
164, nayan jogile ali badi kharani dhaschha bhaneko jastai hoki jasto lagyo,2
165, sarakarako kala kartutaharu chhopnaka lagi kehidinako natak pani hun sakchha,2
166, ajhai thula machhaharulai surakshit garna pani hun sakchha,2
167, pradhan nyayadhishako sachcha ra imanadaritako karya pani hun sakchha jehos ram्raiko lagi hos rabi ji,1
168, aajako karyakram hernu hola,2
169, sriman ko prasansha gari halna alik hatar garidai,1
170, rabi sar pahila gugol bat laibh herna milthyo aajakal kin gugol bat laibh aaudain,2
171, bachnalai bachekai chhu bhannapani laj lagne,2
172, hasnalai hasekai chhu bhannapani laj lagne,2
173, uDang्go chha sarakar anyol chhayo deshama jannalai janekai chhu bhannapani laj lagne,2
174, bhrastachar ra mahangile ab kati thala parne,2
175, aaphnai deshama basekai chhu bhannapani laj lagne,2
176, hanso rodan pida khusi khai ke rahyo ra dekhna,2
177, nyayalayama aashako diyo balnaiparchha,1
178, bhrasta ra dalal mathi rana shasan chalnaiparchha,0
179, ultai panch nyayadhish dalal neta bhanaudasan milera ranalai paltae bhane,0
180, naulo kura nasochda hunchha anek hunchha hamro nepalama,0
181, daju bhasha alik sudharau ki,1
182, rana shasan sang ahileko pradhananyadhis lai yasari najodeko bhaye hune,2
183, ahile bhaeko wa hundai gareko karyalai rana shasan bhandainan ki daju matrai sujhab,2
184, hami banaun thalaum garchhu euta projekta jasari garaum,2
185, ma ahile kyanadama padhdai chhu ra yahan bat sakdo uthaunchhu paisa,2
186, sarakar bhrasta chha,0
187, bhrastacharako lagi sarakar chha,1
188, euta Melamchi aayojana sappanna na hune yo deshama,0
189, dharma ra deshalai ta nachhodnele pulama garne ke laj manlan ra jasale je sukai bhanos,0
190, tesai hamrae desh pachhadi parekae haein sar,2
191, bhatamara neta bhaesi yastai hunchha jasto chha sarakar ke garnu sar,0
192, janatako hariday khusi parne sarakarako kadam rahen,0
193, thula thula sapana badhnuko sato yo pul banauchhu bhanera kam gareka bha hai hai hola,2
194, karnali jasto thulo nadima banne pulako lagat pani sano bhane chhain,2
195, tyasaima petapalne thalo bha chha katika ta yo projekta pani janatakai sahayogama janatabatai banla baru,2
196, kathai hamro desh ka neta janatalai subidha sampanna banaun ta kaho ka yauta pul dhari banaudai nan,2
197, chunabako bela dhatachhal garna lai ho lahai sar,0
198, kehi pani nagarau bhanne manashay bhaera bhanda pani kehi garau bhanne manashay ko abhabale desh aghi badhna sakeko chhain,2
199, daju sadhai samman chha,1
200, rait,1
201, pul ra batoko kuro sarhai ramailo hunchha,1
202, rajanitima dherai neta bhanaudako roji roti banchha,1
203, raarko tir mantri bhaeko bela taraika kehi jillama kholchha kholchhama pul banaeka chhan,1
204, bhrastachari nepali ko ko chhanabideshama kun baimkama paisa rakam khata chhan bhanne kurako pardaphas,0
205, bayan garne shabdako khojima chhu,2
206, sarasayad bhagawan aaphai prakat hun sambhaw nabhaera hajur jasto manchhe pathaeka hola,1
207, sayad kehi itta thapne kam mero pani rahane chha,2
208, aajako karyakram hernu hola,2
209, euta atinai durbhagya purna ghatana ho pradesh ko tyasako phaloap gardin anurodh gardchhu,2
210, tapailai syalut chha sakejati,1
211, aaphno yogadan didai janus bhagawan hamesha sath dinuhunechh mero prathana chha,1
212, wah sancharakarmi paropakaripatrakarita lokakalyanakari janahit janasewa durgam manakarita rawikarit,0
213, aajako chai thiyo,2
214, dajyu hami pani sahayog garna chahanchhau kasari madhyam batai dinu paryo,2
215, ekadam ram्ro kamako suruwat bhaeko chha,1
216, yas kamama hami sabaile aaphno aaphno kshetrabat sakne sahayog garnu parne bela aaeko chha,1
217, rawi daju hajurale program ma kin tai lagaununna bado socheko chhu tar nai patta lagaun saken,1
218, ram्ro kam ko khulera prashumsa garinchha,1
219, naram्ro kam ko ghor birodh,0
220, sachcha ra sachet nagariko mul dharma nai ehi ho,2
221, gunastariy sewako nirantarata aspatalama hos badhai chha,1
222, badhai chha,1
223, eka patak pradhanamantri bannu parchha dai,2
224, aajako karyakram hernu hola,2
225, malai chahi sahi lagyo mitrako ke chha ta ray salla sarakari karyalayama anugaman phitalo bhayo yasto laituge parale hundainan hai,2
226, pratikshama thiena kahile aaunchh,2
227, badhai chha aaphailai banaunu bhaeko ma,1
228, rabi sarako karyakram sadhai yutyub ma herne garchhu,1
229, kunai karyakram pani chhuteko hudain,1
230, din bhari kam rati rom ma aay pani yutyuw ma karyakram herinchha,1
231, ani maja le sutinchha rabi sar tapai hami jasta aamanagarik ko lagi bhagawan hunuhunchha,1
232, yasari sadhai hajur janata ko paksha kam garirahanu shubhakamana,1
233, bharkhar here yata aako chhurajakot aspatal ko lagi ma pani kehi sayog garera eka ita lagaune chhu rabi sar,1
234, yutyubama herdai pani chhu,2
235, shubh prabhat,1
236, rajakot aspatal ko sahayog kasari garna sakinchha karipaya janakari pau,1
237, bhai ko din shubh ra mumgal rahos dhanyawad,1
238, wiswasako tyahi dhip dhip balne diyole nai andhyaro bhagaun maddat gardachh,1
239, tar diyo balna kahile nachhodnu hola har paristhitima sadaiw agrasar rahanuhola,1
240, harek manchheko saphalata ko pachhada़i euta mahilako hat hunchha tar hajurako saphalata ko pachhada़i char jana mahilako hat chha,2
241, naya kamako lagi hajur lai badhai,1
242, agrim shubhakamana,1
243, pahile kholeka kshetriy karyalay ta banda garnus,0
244, hardik badhai ebam saphalatako shubhakamana,1
245, gret,1
246, yo karyakram euta kose dhunga banos shubhakamana ewa badhai,1
247, euta sundar nayan din banos,1
248, ram्ro kamako lagi shubhakamana chha,1
249, sajha sabal modal ko euta karyakram taiyar parnu,2
250, bihe nagari base sabako man jitne kuro dekhiyo,2
251, dherai ram्ro kam rabi sar badhai tatha pragati ko agrim shubh kamana,1
252, sarwasadharan ko hitaka lagi garnu bhaeko kamako lagi muri muri dhanyawad chha,1
253, ram्ro kamako suruwat karyakram ajhai prabhawakari banos,1
254, hardik badhai ebam saphalatako,1
255, gharama budhilai tanaw diera asanti phailaune ani sabako sara bhagawan rupi rup dekhaune,0
256, dhantimro samajik karya pahila ghar shanti gar ani banki duniyan gar,1
257, yasako skarin sat rakhirahanu hola kunai din wastawikata purai bujhera pachhutaun kam lagchha,2
258, pahila kasta thie bhanne kuram matalab bhaena,2
259, ahile ke gardaichhan bhanne kuram hami kendrit chhau dhukka hunuhola,1
260, galti swikarnunai thulo prayaschit ho,1
261, maph garun ya nagarun chandramama pani dag nalageko kahan chhar,2
262, aagami karya jiwanako kadam prati imandar rahos shubh rahos kamana chha,1
263, prashumsa hudamatra hoin timra galtiharu sunda pani nirdhakka ma timrai samarthak hu,1
264, kamajori har manchheko hunchha bigataka galtibat sikdai agadi badh shubhechchha chha jay nepal,2
265, mero jijnasa unako patrakaritako shailima matra ho dhanyapat,2
266, nak chai nabhachidinu hola plij,1
267, pustau dekhi ko ris pokhnu bhae chha bichara,0
268, ris khai kin utho tha chhain,2
269, aaphu sapha़ ra sahi purwa patni ga़lat dekhauda galama char jhapat lagaun man lago,0
270, jasari tapaimko pejawat ra mukhawat suniyo tyasari nai ishajiko mukh wa pejawat sunna dekhna paeko chhain,2
271, atit ke thiyo uni ke garthe sarokarako bisay hain,2
272, kasaiko niji jiwan lai dhoipakhai mahan bannu pani chhain,2
273, wastaw ma bilkul sahi kuro sar,1
274, hain sar tyo kura ta bigat bhayo nit hajur sriman sharimati sahamati mai chhodapatra bhaeko bhanera khulaekai chhan hain,2
275, aurika basne manchhe bhutapurwa sharimati pani kami bathi naholin,2
276, neta hos ya patrakar kohi suddha chhain,0
277, yo nepalama samarthak chhan bhandaima dui purwa patnilai pidit banaun paine,0
278, pariwar bat chhuttidako pida ta asahya pakkai pani hola,2
279, tar aaphulai sammalnuhola tapailai srimatile chhodepani 3 karod nepaliko sath sadhai rahirahane chha,2
280, sanotino galti sabaiko jiwanama hunchha,1
281, wigataka galtile wartamanako tapaimko uchai chhekidain dah garneharu sabai harnechhna aaphai jalera bhasma hunechhan,1
282, daju mero manaka kuranai yo tasbir bolchha winod tripathi jilai mero salam chha,1
283, jiwanasathisang sukha-dukh ghama-chhanya witaun paeka bhagyamaniharulai ma jasta abhagiko pida ke Thaha,2
284, tapai abhagi hoin rabi sar tapaimko sath karod nepali ko sath chha,2
285, sarwagunasampanna kohi hun,0
286, bigataka kami-kamajoribat path sikera aagami jiwanama satmargama hidera deshako bhalo hune,1
287, kam nirantar garirahanu hola dherai-dherai shubhakamana,1
288, jindagiko yatra yastai ho batoharu sabai sajilo chhain,0
289, sakaratmak bhawanaka sath sahi karya gardai agadi badnai parchha yasako nimti shubhakamana tapaimlai,1
290, jiwanama thes ra chot kaimyaum lagchhan,0
291, tyo jiwanako antya ho,0
292, aaphu swayam kati pidabat gujrie pani nepali janatako pidama malam lagaune tapaiko athak prayas prati mero salam chha,1
293, soche jasto chhain jiwan samjhe jasto chhain jiwan,0
294, sarwajanik mahatwaka yati thulthula ghatana,0
295, jibanama anekaun bidhna badha adchana aunchhan,0
296, suprabhat,2
297, doshi nai hun bhanne lagchha tapaim lai,0
298, kuro yasto ho bhane pahilyai kin aaena yatikhera bamgo kura garera hunchha,0
299, maryada alikati bhae pani rahechh,2
300, manawata lop bhaisakeko chha ti dustaharuka,0
301, hamro deshako samasya,2
302, prem prasad sanjelalai kun shabdale samman garaum khai yasta asal ra imanadar,1
303, karmachari deshama bhae desh bikas awasya hune thiyo tapaimko tyo boli sunda ra imandarita dekhda lakhaum janatako tarphabat salam,1
304, puchchharale tauko hallako teti ram्ro hoin rajanitik asthirata ramaun palkeka karmachariko rawaiya yata ni dekha paro,0
305, hajurako sahasalai salam balatkarale sajay ra pidhitale nyay paepachhi tyo dukhai thik holani,1
306, salam chha rawi sar hajuralai ra hajur jastai sahasi karmayoddha karmacharilai,1
307, tauka bhitra dherai phaehaera huneharukae tauko nadukhi rahan sakdain,0
308, sahi kura daju eka midiyale arko midiyako nam naline kura ta kya chitta bujhyo,1
309, aajasamma kunai karmacharile aaphaimlai bhrastachari,0
310, hun bhaneko itihas chha ra gopal khadka chudamanai sharmale hami bhrastachari,0
311, haum bhanchhan ra pakkai pani bhanenan ra bhandainan pani sakkigo ni yinle chaheko thaun pauda samma unai wali bista mahan thie ahile thulthula kura,0
312, esaigari deshabhakti eka bhaiyo bhane bhastachar ante hune dekhischha jastai prem sanjel jasta,1
313, chapluse parale kehi hune wala chhain bhrasta chor,0
314, samg kharo rupama prastut hunu nai par,0
315, ram्ro ra naram्ro kahile saman hunai sakadain jay rawi,1
316, aatyumtai ram्ro lagyo tapai ko kunai pani karyakram naheri nindrai lagdain,1
317, ko tarkik prastutika agadi anya wyakTilai tikna hammehamme hundorahechh,0
318, hain dherai kura dambhale halka rupama uttar die man paren,0
319, samwad sunirahu lageko thiyo kati chadai sakiechha,2
320, tyati uchcha sammanaka sath pani tyati bhari prasna thelna sakimdo rahechh tyo yahan dekhiyo sesan uttam thiyo badhai duwailai,1
321, bichabichama tokatoka garera po,0
322, dui aadarnaiy haru aikaisathakhusi lagchha dekhda ani alik bhaaini man aanandi hunchha aista bektiharuni hunuhunchha hamro deshamadeshaka gahana hiraaistai bektiharuko samuh banera desh bikas herne dhoko chha hamo sapana pura kailehola sath hamro chha aadarnaiy saraharulaikai lekhidinus,1
323, dubai jana ko kurakani sun man chha malai pani,1
324, dui aadaranaiy haru ekai thanuma dekhna pauda khushi lagyo ab samwad chai hernu parchha,1
325, dui pusta ko ram्rai juhari bhanau ki bishayantargat chhalaphal ko thulai charcha chha,1
326, nikai ram्ro kurakani,1
327, yo kura kani ko bhidiyo sambad linka kata painchha hola rabi dai,2
328, gud jab,1
329, nikai ram्ro kurakani rabi ji,1
330, nidhan bhaisakeka Narayan gopal tapaiko bihema janti chahin kasari aae bhani sodhidinu hola,2
331, khusiwala,1
332, pande baaiddik hun,1
333, tar unako tak sae chalaune shailima aphu wadhi hawi hune chahana,0
334, rawindra misrasagakae antarwartama misrale unalai badhi baelyae,0
335, araep lagaeka thiy,0
336, gestalai chhayama parera aphu hirae hun khaejne karan ke bhanera saedhnus,0
337, maile eso bhane bhumne ke ma sahi hunchhu,2
338, aainda kunai karyakram ma gaera baluwatar ma gaera banta gareko chhu,0
339, binod chaudhari ko bedarum ma pugeko chhu,2
340, aaphu khub mahan ani thulabada sang matra sangat garchhu bhanne jasto phurti nalagaunu bhandinu hola,0
341, maile sodhne prasna jasari bhaepani rakhi dinu hola rabi saratapai jasto desh bhakta manchhe,1
342, kin kunai partima samel nabhaekobhanera sodhnu holarabi sar hajuraharu milera kunai euta parti kholnu hos jun parti janatako hak ra adhikarako lagi hune chhamero prasna hajuraharu duwailai ho,1
343, bijay kumar dailai bhandinu tapainko swabhaw rawindra misra samg dherai milchha wiwekashil sajhama gaera desh banaune abhiyanama lagna ke le rokeko chha bhanera,1
344, saeche bhanda wadhi ghamandi dekhiy pande unako ghamanda,0
345, tyaha nera dekhiyo jatiwela tapaimle aphulai prasna garna aagrah garnubhayo tar unale prasna garenanatapaimko ryadikal patrakaritakae warema kehi saedhenan kinaki tyo saedhne bittikai tapaimko kamale u chhayama parthe,0
346, nepal dhanya chha kinaki bijay ra rawi jasta patrakarale nepalakae kukariti hataeka chhan,1
347, (disha nirdesha) karyakramako kunai eka bhag ma sambadako shilashilamadesh banaunu chha bhanepatrakar bhaera hudainabhanne tarka garda bijay kumar le prasag badalnu bha thiyo eka baristhajimmewar patrakar bhaeko natale pani uhale aaphno thap prasna ya bichar mahami lai bhani din kin aana kani garekosodhi dinu na,0
348, desh banaun kebal patrakar bhaera hudainabhanne tarka garne dishanirdesh ka tatkalin pahuna rabindramisra thie,1
349, dherai sahityakar alkohalik chhan janataharuma pani yo samasyakai rupama chha,2
350, bijayakumar jyu le aaphna yasabare anubhab bolidie pani kehi sudhar hunethiyo ki samajama,1
351, bijayakumar aphai drankar hun,0
352, hun hoin thie bhannuparla,1
353, purana lekhak ko sindiket kahile sakinchha,0
354, mero prasna chha jawaphadehita bihin shasakabaphadarita bihin rastra sewak imandaritabihin pratipaksha khabaradaritahin,0
355, janatale ke lokatantra janatako aiswarya ra sarthak banchha patrakarita nepal ko chautho amnga aaphanaima paradarshita aawasyak chha ki chhain,0
356, bijay dailai prasna kasari hakahaki kura garna saknu hunchha,1
357, yasako lagi karyakram marphat euta apil garna ma anurodh garna chahanchhu yadi yo upayukta hunchha bhane,1
358, euta kunai lekhau ani ko harek ma sabai milera garaum ani nepalama aparadh kam garna euta phesabuk aphis kholna dabab mulak sandesh diau,1
359, maile pani manama socheko thie dheraile apil gare kaso nahola,1
360, le bhannubhaeko yo kura ekadam sahi ho dheraijana yasto lutako chataroma pareko udaharan hami dherai jana sag chha,1
361, phesabuk aparadh wastawik data rakhne phesabuk aphis rakhna marka jukbhar lai anurodh garau,1
362, yo wishay bhanda ra sunda samanya lagepani yas kisimako karyama brahmlut,0
363, hune gareko yas wishayama pani riportin hunu paryo hajuraharuko tim bat,2
364, manoranjan kala ko star ko mulyankan darshak le garne ho yastai nai hunu parchha yo matra stariy ho bhanne hunu parchha bhanne chhain kalale anaitikata ra aparadh ko pristaposhan matra nagare hunchha darshak hasirahekachhan ramai rahekachhan bhane kasailai kin tauko dukhai,0
365, tyo sathilai meroanurodh esto arkako charitra hattyagarnekamanagarnuhola,0
366, yastai chala ho bhanne sarakarale phes buk banda garinu parchha,0
367, nepalama pani jasto anusandhan garne tim banaera kam garna sakinchha ki rabi sar,1
368, praharikoma riporta garnuparo,2
369, maile ta herna chhaedidiema nepali hasya siriyal,0
370, yastae harakat garne lai had samma ko karabahi hos,2
371, pulis,2
372, sidha sadha nepali janatalai netale lute karmacharile lute dalal gunda naikele lute,0
373, samajaka tathabathale lute huda hudai ahile aayar tibhika sho harule pani lute,0
374, nalutane janatalai rahat aahat chahat dine bhaneko sidha kura janata samgaka jujharu tim matra rahechhan,0
375, dherai dharai dhanyawad sanae sujhaw pani ama kathamadaaimma bhetin padhda pahile ta jhasanga banayae bhetin bhanera na kae khuttae katta samarthatmak artha lagchha bhetin bhanera na kae khuttae nakatta nishedhatmak artha dinchha wijneshu kimadhikam,1
376, minet samma ho rawi daile sai dinubho hijo janatasang pradhanamantri karyakram chalaunne euta manchhe bakabak gardai thiyo chhittai dhyan puryaunu hola jyu tyasta koi chakadibajaharu bhanda pani khataranak hunchhanhai,1
377, hajur ra hajurako timalai salam aaphulai janma dine aama kinera paidain banaera banidain tyasaile aama nahudako pida sochera sochna sakinnna,1
378, sittaima kasaile muskan ta didain lakhau paisa dinchha kasaile thag ho tyo jay hos daju ko,1
379, samsarama thorai matra aamaharu hunuhunchha jo tapaim jasto hariday bokeko su putra janmaune rabi ji koti koti pranam hajurako aamalai,1
380, salam chha rabi sar hajuralai sadhai hamro sath ra sapot rahanechh,1
381, rabisar hajuraka yasta harek kamale ma sadha parsanna matrai hoin bataunai nasakine khusiyalima raMai raheko chhu tar yi ama chhoriko milan bhaeko ra milan garaunama hajurako purna sahayogama mera akhabat ashu bage tapaimko bhabisya sada ujjwal rahos satru sada tadha rahun,1
382, salam rabi dai,1
383, jay hos rawi lamichhane timako,1
384, barshau dekhi bichhodako pidale balinaaanshuka dhara chuhaera rune,0
385, aama chhori ko milan garaera samali nasaknu khusi dine rabi sar lai dui hat jodi pranam chha rabi sar,1
386, bhagawanako aankha pani khusika aansu aaeholan,0
387, aama chhoriko milan sanchikai smaranaiy rahanechh jindagibhar sidha kura tim lai hirday dekhi naman chha,1
388, naya pustaka sarwadhik prabhawashali sahakarmisamg samwadako awasar mera lagi pani utikai sukhad ho ahile matra hoin barshau aghi prakasit khusi ma pani rabi lamichhane bhaika prati aaphna bhawanaharu pokheko thie,1
389, hami am janatakae bahumat tapaikae namama darta gareka chham sar nirdhukka bhaair hidnu parchha sar abakae piyam rabilamachhane sar tapaikae kam karyakae ma sadhai hirday dekhi nai salam jayanepal bhanna chahe sar mis yu tu,1
390, ram्ra naitik wan mamchhe haru jasai ekai thau humchh dhilo chhitto kha़ushi lagyo shubh kamana,1
391, sabaiko aaaaphno kshetra hunchhaeuta kulamanako wijnatale hamilai andhyarobat mukti dilae,1
392, rawi lamichhane pani patrakarita jagataka wijna hununale aaphno karma kushalata purwak nirwah gari raheka chhan,1
393, unalai unakai wishistikaranako kshetrabat yogadan puryaun diununako anawasyak bhok najagaun,1
394, parkhaima chham hami daji,1
395, samwad sunna ra herna aatur chham sar,1
396, ab bikalap khaejane bela bhakae chha janamat rabi sar kae hae bijay sar rajaniti jaejadu haela thaera,1
397, rastraka sachcha saput dubai jana lai salam chha,1
398, jay nepal rabi sar,1
399, ajakal bajarama ekadamai wilasi mahaga sarakari kar tatha 50 si si bhanda mathika sarakari maetarasaikal daaidinchhan sarwajanik sadhanama jhundiera yatra garne hamile tyasta mahaga sadhan sarakaralai kinidin sakdainaai,0
400, bhrasta harule janatale Thaha napauda samma bhrastachar garirahane,0
401, Thaha paepachhi phirta garchhu bhanera sukh painchha dhanti chhali mudda,0
402, antargat ghar bhaera pani gharabhada asulne sabai bhrastaharusai adalatamai mudda dayar garinupardachh,0
403, chor le choreko Thaha paepachhi saman phirta garchhu bhanera painchha,0
404, srimati ko ghar ma basera hola sriman haru ghar bhada bujheka ani sriman haruko ghar ma basera hola srimati harule bujheka,1
405, kathai yesta netapani chhan hai hamro nepalama paisa kasari aaunchh bhanne pani Thahanai chhainare,2
406, mero ma aautheyo maile chek nai garin re kati samma laj mardo kura gareko achammaka neta kasalai ke bhanne katai laj pani baki chhar ab kathaihamrodes bhastacharile,0
407, uta wikatakae swastha chaaikima sitamael samma chhain yata gharabhada ani ghar marmat bhanera paisha dinerahechh ke yahi ta ganatantra maja,0
408, aaj samma hajur ko barema kasaile naram्ro bhaneko suneko chuina sadhai yastai gari nepali ko man ma basnu hola,1
409, gharabhada bhanera lageko ta phirta garlan tar ghar marmat bhanera lagine bhadako aadha chahi kyarne hola mahine pichhe ghar marmat chahi ke garna parne raichh,0
410, netaharu pani esta payaum ki na tiniharu janata bhanda shikshit chhan na ta yiniharu ma kam garne iksha shakti nai chhan bas chhan ta matra lobhi pan natabad gotabad desh bhakti bhanne ta yiniharu ma Jiri pratishat chha,0
411, yi bhrastrachariharulai bhabisyama samsad banna ayogya hune gari barkhasta garinuparchha,0
412, jasto bharstrachari karmacharilai garinchha hola yadi yi bharstachari samsadamantriharulai barkhasta garimdain bhane bhrastachar,0
413, karmachariharulaipani nagariyos kinaki niyamakanunako najarama sabai barabar,2
414, sabaibhanda pahila khojipatrakaritaka madhyamabat bhrastaharulai nanagejhar parne patrakaralai salam,1
415, rabi sarako sahas imanadari ra jos le eka din nepal le kolte phernema hami dhukka chhau baru aaphu marinchha tar rabi lai kehi hun dinnau kehi kubichar bhaeka nalaeka haru rabi sar ko khedo khandaichhan tar hami sabai lai niyali raheka ka chhau rabi sar hajur dhukka rahanu hola hajurako lagi hami marna tayar chhau,1
416, yo wishayama samwaidhanik padadhikari tatha nyayadhishako pani janchabujh garne ki bhrastacharako anusandhan garne ra phaisala garnako anuhar janatalai dekhaunda sudhar aarambha hunthyo ki,2
417, rabi ji chhadidinus gadha haru lai jati dhoe pani gai bandain upiya haru ko jay hos mero desh,1
418, yo karyakram rediyo bat pani pratyaksha prasaran hunuparchha,2
419, la aajako jasto karyakramama jastai ekabhag chai netaharuko bhandaphor wishesh sai lagyo,1
420, sarbahanarako nauma deshako dhukuti rityaun ra garib janatalai karako mar phasayar moj garne,0
421, ti papi udus khun chusuwa,0
422, hailai sajay kin hudain hijo arulai samanti bhanera kurline udus upiya,0
423, aj aphai samanti ka bau banera baseka chhan yastalai karabahi hunaiparchha,1
424, lutera haru le luti raheko chha desh lai,0
425, lutatantrama na lutera ke gardie hunthyo bhanne lagirachh rabiji,0
426, rajadhanima ghar hudahudai gharabhada line adhikams samsadaharule aaphule ghar bhaeko wiwaran bujhaeko ra aaphno namama gharabhada bapatako rakam jamma bhaeko barema midiyama aaepachhi matrai janakari bhaeko bataeka chhan ab pheri samsad sachiwalay padadhikarilai prasna garnus ji ghar bhaeko janakari didadidai kin paisa jammagareko,0
427, nepalalai garib banaune yinaharule ghar bhada़ ta khulera bhrastachar garchhan aru kati hasure hola,0
428, tapaile uthaunu bhaekae ghar bhadakae kura sarai ram्rae lagyae yasta kura airahaes,1
429, ani yasta netaharubat desh bikasako aash rakhne thukka hami nepali,0
430, thula thalu gaun ghar tiraka chaera danka haru lutatant,0
431, des namakaran garna pae sih darabar pasechhan bichara saejha sajha janatalai pae eain kanun thalathala dakan harulai chain aram kathai nepalakae kanun daibale janun,0
432, nepalako rajanitiko kantabijog hamile dieko bhotako satyanas thuikka baiman haru,0
433, eknathamadhab jasta dharmadrohi samskariti birodhi lai suraksha hain hanumanadhoka ko euta kotha dinuparchha suraksha hain,0
434, byaktigat swartha ko lagi sinai nepal lai khaireharuko gulam banaune khel hudaichh nepal lai isaikaran banaera samayamaijagauhami,0
435, suninchha yo samstha kamyunista birodhi re,0
436, tar hamra kamyunista netadayaharu nai lam lagera tamajhamaka sath parameswar ki chhoriko aashirwad grahan garna gae dalarale pani kamal nai garyo,1
437, gathedharmalai aphim manneharu aaphai waibal samai parameswarako stuti gauchhna bhane yiniharu kamyunista bhae ki kamaunista hajur,2
438, rabi sar tapaimle janata ko jijnasa lai ekanath dhakal samaksya prasna rakhirahada uhan ko prati uttar nai chittabujhdo aae jasto mahasus bhaena tar pani jehos aaphno saskar ma rajya prati thorai nai bhae pani hilo dalne kam bauddhik jamat bat nai bhaekoma uhan jasto manya lai buddhi ko saderi naparosajay hos,1
439, hindu rasta lai dharma nirpachhya kae namama bidesi haru bat dalar khaair kasaikae biraedh chhain bhannu sur्chha kae madh garnu bhanda thulae aparadh behi hain,2
440, sarakari uchcha aehadaka saeshak dalal harukae karan nepali janatale kahile santi ra bikas kae mahasus garnu,1
441, lai kunama lyaera studiyoko ram्ro sang prasna sodhnu ta rawiji laj lagchha sochda yasta manchhele pradhanamantri pad dharan gare yo deshama pawar ma hunda ke ke widhwums machchaeko holan inile,0
442, abako misan bhaneko nai yasta bhastcharilai nanggaudai januparchha rabi sarajanata sathama chham,0
443, dhanna rawi dai hunuhunchhar nepali garib sidhasadha janatako manama aasa bharosha chhaeuta sram karyalay sudharna nasakne gokarnaele gaph ta aakasaka tara jharne gardai thiyo tasidhai gokarna wista sang phlo ap garnun rawi daju sram karyalayako sthiti ko barema,1
444, yi thulthula rajaniti kura hamilai nasunaunu baru asti sudharagarihama simgham param chhapa marera,0
445, reskyu gareka tyape jadyaha ganjadi dragisalai ke garnubho tineruko awastha kariyakalap ke chha riportin garnu paro janata janna chahanchhan,0
446, yi sabai dharmadrohi ra desh drohi hun ekanath pani makune pani bhikhamumga haru hun kataura liyera dalar magdai chhan,0
447, rabi sar hajur lai dhamki dineko ke bhayo,0
448, kura gari ke sadhya ra rabi ji,2
449, lajja sharanam nepal ka haru,2
450, bhani sakyachhan aarop sidda bhay tudhikhelama lagera jhundaunu ho yadi aarop sidda hunchha bhane dhilanagari inlai jhundaun parcha,0
451, mukunde bhanda nalayak wyaktiharuko hatama desh,0
452, paisa bhayechhi kehi chaiden bhanne sochale aaj byakti hudai rastra samma dubna lagyo,0
453, snehi kakh lai lakhau salam,1
454, aj duniyan paisako pachhi hod baji chaleko chha,0
455, kasle kasalai jitne tar samajama yasta udaran pani chhan jo apanu pet katera dosrako pet agaeka chhan Sabailai dhanyawad,1
456, salam chha rawi sar hajur lagi,1
457, yaॉha jodanu parnet patitat patitanai bhae simgo samnsaralai rajyagarne prabhubhaktaharu yasta hosaharaeka sametako dharmantaranama lagnu thulo beijat hainar,2
458, sarai ram्ro kam didi lagaeta uhako tim sampurna lai dherai dherai subhakamna yasta kam haru ko dherai jaruri chha salam chha,1
459, midiyale aphno jyanako baji lagaera bhandaphor garchha kehi kalakote bardidhariharule kamajor banai muddha pes garchhan,0
460, ani sadharan tarekhama kukhyat aparadhiharu chhutchhan loain yo deshako kalakoteharuko wuddhima birko ughriyos,0
461, rabi sar ab ta ati bho deshama kehi garnu hosya ta kunai partima samel hunu hos hoin bhane aaphai parti kholnu hos,1
462, karodabhanda karod janatako sath huda pani kin chup lagera basnu bhaekohajuraka kamaharu lai salam garchhurab,1
463, i sar ab parti kholnu hos hami sadhai hajurako sath ma chhau,1
464, durbesnima lagnu pani thik hoin sar yasto dikka banauchhan iniharule ki bhognelai nai Thaha hunchha ram्ro aacharan bhidekhi rakhnu nai pardain,0
465, thiyo iniharu na aaphu ram्rosang bachchhan nat arulai santile bachna dinchhanayadyapi amanawiy karya garnu galat ho,0
466, thula kura garne asal kam ko sinko nabhachne bandar prabritika prabhubadi netalai rakhna uttam sthan rahechh,0
467, salam rabi sar,1
468, aaphnai daju bhai chhori cheli mathi ko yasto dur byabahar,0
469, kasam man ruera aauchh,0
470, nepalama aru rabi 24 jana janminu parchha rabi lai salam chha,1
471, ati bho ni yo ta paisa pani tirnu ani pisab pani yasko sajay kada hunu parchha,0
472, merae tarphabat salam rahirahaes harek pal palama rawi sar hajurakae kathaera bacha laksya sada sada yastai rahirahaes jay haes,1
473, garjenale pani sisitibhi kae bharama herera ghar najanu parne thyae rawi sar eka patak merae chhaerasang baelera janchhu bhannu parne,0
474, dardanak,0
475, rajadhanima sarakar dekhi sadak samma ka sabai dhanda ra kamakaj haru krur ra amanabiy tabarale nai chaliraheka chhan,0
476, paisaka lagi katisamma krur ra amanawiy hun sakda rahechhan hai yi danawaharu,0
477, tehra basna paisa tirnu parne raichh bharkhar eka janale hajar jati tirera rakhnu bhayako chha kesh Jhapako ho tirna parne ra naparne bare pani prasta bujhai dinu hola,0
478, yi krur rakshasi prawaritika danawaharulai shir chhedan gare pani kam sajay hunchha manawata mareka manawaharu pap karayo juni bhar jelama sadaunu parchha,0
479, waru jelama pani tyasto gharinait yatana hudain hola nar pichasaharu,0
480, salam sar eka sachcha nepal aama ko saput hajurako pratyek karya prati Gaurbhale praphullit chhau,1
481, je hos sidha kura janata sanga eka yasto karyakram ho jaslai dil dekhi nai salam garna man lagchha ra garchhu pani,1
482, ahile jaslai samasya parchha pulish ko ma hoin yani rabi sarako tim lai samjhine garchha yo biswash ho prati jay hos rabi sar,1
483, bhrastacharile ghus magnu ra balatkarile balatkar garne prayas garnu ekai ho jasale tapaiko ijjat lilam hunchha eka sachet nagarikako haisiyatale ghus khuwaun banda garau ra kasaile ghus magchha bhane khabaradari garau,1
484, bhrastachariharuko ajhau bhandaphor gardai janus shubhakamana rabi sar,1
485, hajur patrakarita jastai hajur jastai aru jana niklie desh le rahat paune thiyo salam rabi sar,1
486, pad ko bhar ma manab bech bikhan garne nepali rajadut lakki serpa lai sidai jamin muni chhiraunu parchha ta ki aaune rajadut tatha bhako rajadut lai chetana hos,1
487, rajadut le nai yasto garne bhayapachhi arule ke baka़i rakhlan ra arkom kura janna man bhayako yadi rajadutawas bat kunai nikayama karbahiko lagi patrachar bhayako khumdama sambumdhit nikayale karbahi garchha ki gardain,0
488, bhrastachariko 13dine pustanai kiraparera narkama janu paros bhanda hunchha ki rabi dai,0
489, sano sachchai kanres prawakta wiswa prakash sharma,2
490, rajadut doshi sabit bhae ke sajay hunchha holajijnasapawar ra paisama bikne hamro deshako kanun ti kanunaka theli padhnele nai janun,0
491, dherai ram्ro kamako suruwat,1
492, Saptari basi eka utpidit samudayaka lagi yahanle puryaunu bhaeko yogadan prabhuko khatama hajur nimti satkarya bhani lekhine chha asamkhya dhanyawad,1
493, musahar basti hastantaran samgai sidhakura karyakramako 300 aum bhagama aaera janaanjanama bhaeka galtiharu swikar garda dherai khusi ani yas karyakram prati jhan badhi biswas bhayo lakhaum karodaum episaed haru dekhna paiyos shubhakamana,1
494, wahabadhai ho yastai khushika kha़baraharu sadhai sunna pai rahun hajur yugayug samma rahanu hajurako jay hos,1
495, ke bhannu ra rabi dai bolnelekhne sabda nai chhainatadai bat bhaepani tanakka tankera salyut bajareko chhu suikaridinu hola,1
496, badhai chha dai ab karnali ko haspitalale pani muhurta rup liyi chhitobhanda tyahaka janatale aaphno swastha sewa prapta garne chhan dhanyawad ko patra hunuhunchha daju,1
497, rawi lamichhane bideshi nagarik ho bhanera bitanda jhikne le pani yo srinkhala hernu bhayo hola wahan lai pani shubhakamana,2
498, badhai,1
499, musahar wasti,2
500, hardik badhai tatha subhakamana,1
501, badhai tatha shubhakamana rabi dai karib 3 karod janaman bokeko yati baliyo karyakramale 300 sharinkhala pura gareko yo ghadima tapain ra tapainko timako sammanama kharcha garne kunai baliyo shabdaharu nahunda nahundai pani hariddhayako antim bindudekhinai sammanit badhai tatha shubhakamana ochchhyaena dai,1
502, salam chh rabi sra hajur ko mahan bichar ko lagi,1
503, dherai ram्ro kam,1
504, yo kam udaharanako eka khamba bhaeko chha jasale garda hamilai ni kam garne urja mileko chha samman ko artha tapailai herda pugda rabi da,1
505, samajik uttaradayitwa sangasangai udaharanaiy kam pura garekoma badhai chha,1
506, maile biswas garne deshako eka matra saput sar matra ho,1
507, tapai kam dekhera katipay ko man kasto jaldohola hai tar ma chahin hajur yastai kam dekhera atinai khushi hunchhu,1
508, aagami din haruko kam le pani yastai saphalata milos bhanne kamana garchhu ra yas sukhad ghadima hardik badhai chha,1
509, yo ho manabata ashal gun rabi sar,1
510, aajako dinama yi neta maharaja harulai nimto nagareko bhay jhan sunama sugandha hune thiyo,2
511, ram्rae kam badhai chha kip it ap,1
512, salam rabi dai,1
513, dherai ram्ro kam chha sar aas garchhu bhabisyama mero sanntanlai pani hajur jastai swabhawako banaun utprerit garnechhu,1
514, hajur jasto santan dinuhune buwaaamalai hardik naman prakat gardachhu्,1
515, jab manchhema chetana aaudain dimag dekhi boksi balatkar ra samajik bisangati anabarat rupama chaldai janchha,0
516, eka jana rawi matra ladera hudain,1
517, nyay ra samajaka bikaritiharu biruddha aawaj uthaune aru samgh samstha rajanitijna buddhijiwi ra janata aaphai jagarup bhae bhane matra yasta ghatana kam holan,0
518, natra chamatkar hudai hudain,0
519, hajur le garako harek kamama ma khushi chhu daju ani mero mag pura garna paro daju nirmala le nyay paun paro ni khai nyay ta ani aawaj uthaun paro hajurale pheri,1
520, wikram sambat 2100 lagna ab 25 warsha matra baki chha tar byawahar bhane sambat 1800 tir ko jasto chha,0
521, ram्rae lai ram्rae naram्rae lai naram्rae bhanna paunu hamrae adhikar hae ni sar tar bhanna pae saknu paryae ni yahi ram्rae kam garnu bhakae ni sar tapai lai ma salam thaekna chahe la sar,1
522, ram्ro kam garnelai puraskarit garne bani basalnu parchha,1
523, yo ta prasta chha tatkalin mantriharu ani bidhut pradhikaranaka bhrasta borda membar ra karmachariharu hun,0
524, aauda bitikai shera gare dhilo nagari,2
525, hami sabai nepaliko aashako kiran ani rastrako saput mahan chad tiharako hajuralai lakhaulakh subhakamana hamilai khushi rakhnu bhakochh hajurako jay hos,1
526, jasari kulaman ji le yo deshako lodasedin yug antya gardai ujyalo yug sahakar pare,1
527, ab tesaigari yo deshako bhrastapathabethiti ra arajakata yugako pani antya garne eka pahalaman sri pani bhai die aaha kati sundar ra ujyalo hunthiyo hola yo hamro nepal,1
528, hardik badhai rastraka khas saput lai,1
529, hajur haru dubai ko jay hos hajur haru jastai saput ko khoji gariraheka chhau hami nepali haru,1
530, hardik badai kulaman sar,1
531, hajuko jasto sochai bhaeko wyakti nepali samaj ma jaruri chha dherai dherai shubhakamana chha hajur lai tiharako,1
532, sampurna nepali lai subh dipawali,1
533, nepal widyut pradhikaranale ahile gareko kamama janardhan sharmako mulyamkan ani yogadan birsanu hunna,1
534, jasto lagchha unalai pani pratsohan gare pun padama puge ram्ro kam garne chhan ni hoin ra,2
535, rawi sar uhalai mere prasna bate banaun thikka pareke thauma bijulike pelale garda kam dhilo hune thekadarake arep,0
536, hunchha yasta samasya hataun ke kaste kadam chalnu bhaeke chha uhale,2
537, yasama hajur pani yogadan chha rabi sar,2
538, laksmipujako din pani bijuli gaena eka saksham imandar ra nisthawan wyakTilai jimmewari dine ho bhane harek samsthale kanchuli pherna sakchha,1
539, bhanne ram्ro udaharan hunuhunchha kulaman ghisin ra uhanle netaritwa gareko nepal widyut pradhikaran euta wyaktiko kamale deshale Gaurw garnasakchha,1
540, wah gajab kam,1
541, gatilo janatako sarakar hunthiyo ta yasari sayaum din samma nirmala pantako balatkar gari hatyagarne jaghanyaka aparadhile yattika din samma unmukti paune thiyo ralachari ra nikammapan darsaune sashakakai upajale garda pidakale samajama unmukti ra piditale sadakama bhautaridai nyay deu sarakar bhanne din aaudorahechh,0
542, des sakinema jan thalo purano patiharu Sabailai phalera jasari pakistan ayo nepalale pani yasari agadi bathe uttam hunechh,2
543, ho sar lajjit hunuparne tapaimle nai ho dhikkar chha,0
544, tapaimlai tapaimko jimmewari thiyo yo pura garna saknubhaena,0
545, arulai ke matalab yasto lagchha ki rabi lamichhanelai sara nyay khojne jimma diera masta sutirachhan sambandhit bhanauda haru,0
546, sathai nirmalalai nyay dilaun nasakeko samachar sunda padhda ra herirahanda ani wir gorkhaliko santati bhaera pani kehi garna nasakda aaphulai dhikkar lagirahechh,0
547, eka matra rastrako saput putra rawilamichhane jo haradam asahay pida utpidan ra rodanama ahoratra khatine ra tiniharuko barema aawaj wulanda wanairahane jatti prashumsa gare pani kam parchha,1
548, hiro banyo muji pheri,0
549, e ma yasko chatak tetima tokne,0
550, nyay marne hoin dine nikay chahiyo anyay garnelai sir ra nak thado parera timile kanuni karawahi wahan garnuparchha bhanna sakne eka lalachandiko khanchom ho,2
551, salam rabi dai,1
552, kehi dukh mannu pardaina rabi daisabai kam kasle po garna sakchha ra,2
553, balatkarilai karbahi gare oli sarakar nai dhalchha sarakasari karbahi garos ta yo sarakarale,0
554, dhanyawad rawiji khoj patrakarita kendrako riportama adharit yo karyakramaka lagi hamile phaloap jari rakhnuparchha,2
555, mero desh nepal hamro nepal ma kin draibhin laisensa linu parda chad parwa aae jhai kurnu parchha kaile khulchha ra pharam bharum hunchha kin sadhaim bhari kholna sakindain ki aaundainan yatayat ka karmachari jarile khuli rahane hobhane din rat lain basnu parchha ra yaso garda ghus khan ni paundainan,2
556, hamra netalai jel halne hae,0
557, bhane ta pahila euta jilla bharikae jel banaunu parchha,0
558, halaka jelaharuma uniharu ataudainan tyahi bhaera netaharu lai jel nahaliekae hae,0
559, sacho lai sacho galat lai galat bhanna nasakne nepal ka kehi jhole neta,0
560, jhole karyakarta le garda ho sar nekapa thulo parti eka balatkari ne nekapa parti ko hijada banadiya,0
561, thulo machha samaunai parchha sarakar bhrastachar pratiko nitima kaॅh ubhieko chha bhanera ab thah hunchha,2
562, yadi mantriharulai jel halne ho bhane jelama thaun nai hudain hola,0
563, rabi sar nepal aamako eka matra sachcha deshabhakta rabi lamichhane ho salam chha hajuralai,1
564, ani gare bho ni ni samsar kai sabai bhanda ashal patrakar le koslai sunako,2
565, yahit widambanapurna chha pradhamumtriko boli ra kamama mel khaeko chhain,0
566, himmat garera nepalaka mantrilai pani jel halna sake aakha़ir unaiko nam itihansama lekhine thiyo,0
567, tar durbhagya teso bhairaheko chhain,2
568, ab pradhanamantrile yo kam garnu saknu parchha tyasamachhi aaune mantrile sahi kam garne chhan,2
569, yadi hamro deshaka netaharulai kasaile jel halna khoje uile desh chhodna parchha,0
570, natra janma kaid bhognuparchha baru chup lagekai bes hajur aaphailai hernu na hajuralai phasaun manchhele mauka matra heriraheko chha,0
571, sayad hajurajastai nidar ra satyawadi manchhe khojdai chha yo mulukale,1
572, jab samma hami desh chalak ram्ro paudainau tab samma nepal ma kehi hune bala chhain sar,0
573, rabiji dherai halka lagyo wishayabastu satahi bho aaphaile uthan gareko wishay,2
574, aaphaile tyageko dekhda ti keti haruko byapar kahan samma chhakati say prahariko uchchha tahale ti mahila ko sharirama kheleka chhan,0
575, ani kati karod kogaihrakanuni bhayako chha byapar khoi anusandhanatmak,2
576, prahari gundadalalibhrastachari ra ghusakhori ko sathi,0
577, dherai ram्ro kam sar hajur lagayat hajurako tim le sadhai yasari kam gardai jaos shubh kamana,1
578, padiy dayitwa wahan garna nasakne paltuharu dekhi sawadhan kehi surakshako anubhuti garna paiyos ma,0
579, mero warshako bharat basaiko kramama sabaibhanda thulo kalumk,0
580, yahin ho ma nepali bhanera Thaha hune bittikai thamel pugera pharkaneharuko pratikriya eka biyar pilake hajaraka bil liya sala pulis bhi milakar thagate hai,0
581, nepalamem to thamel eriya to sirpha indiyan turista ko tutne ke lie hai,0
582, byathiti ra bisamgatima churlummai sabai jana rabi sar,0
583, dams bar jane ni lutera nai hun hami lai bal,0
584, rabisarako bhanai sahi chhayasari nai dalal ghus khori haru patta lagaudai agadi badhanu hos yasama jantale sath dine chhan,1
585, lutera thagagunda ani netakae,0
586, bista ra bhatta lai barakhasta garnule matra nirmalale nyay pauchhin bhanne chhain yasta hatyabalatkar jaghanyaka aparadhilai yo sarakarale yathasighra pattalagai kanuni kathagharama ubhiyaun sakchha tab matra rajyako samman ra nyayako mulya hunchha,2
587, padama raheko wa thulo manchhelai karabahi garna sakne kshamata nepalako kanunama nabhaekale bista lai barkhasta gari sarbasadhan banae karbahi garne soch banaeko hola dukulanthyanga sarakar le,2
588, ramesh prasaile bhane jastai ya paisako bito ya kalakalaudo thito hunuparchha natra yatro natak kin,0
589, barkhasta matra hoin yiniharulai balatkari sarah nai karbahi garera jelama kochnu parchha kukuraharulai,0
590, nepalako kanunama thulabadale aparadh ra galti garda,0
591, rajinama ya barkhasta garesi banki sajay bat chhut paune wyawastha chha ki kya ho,0
592, hoin bhane nirmala hatyaKandako anusandhan barkhastima simit nagari wastawik aparadhi sarwajanik gari sajay dilaunu paryo,0
593, ekadam sahi kurajasle praman lukaune prayas garchha yo spasta hunchha ki galti,0
594, usaile athawa uskai manchhele gareko ho natra praman lukaun uslai kin aawasyak,2
595, bhabisyama sarakari sewaka lagi kin yogya bhae yasta manchhe pachhi yo Kandama doshi jogaeko,0
596, bhanera puraskarit hun bera chhainayo Kandama sarakarakai samlagnata chha jasto lagchha malai ta,0
597, yo sansar pani kasto hola hai desh samhalne manchhe aaphai yestoma sahabhagi bhaesi aruko ke aasha rakhnu aaphnai samaj dekhera wakka bhaisake ma ta,0
598, ghuda tekaune bhanda ghumda tekneko galti jasto lagchha padako lobhama parera yasto gareko hunuparchha,2
599, yinalai ram्ro sanag prsna sodhanu chha sar,2
600, tika jasari lagaepani hunchh yo dharmik parwa ho ajh manyajanabat tika grahan gari sake pachhi khuttama dhogne chalan chha tesaile tika lagauda darja heridain tar patrakar wa janatale kehi bujhna khoje bajhaunu parne dayitwa chahi pura garnu parathiyo,2
601, jimmewari bat panchhine bhat mara haru des drohi hun,0
602, herna pani man lagne herdai laj lagne taswir,0
603, tyasaima dekhnu parne hoin ke hun khojya ho nepalama,2
604, asti matra hoin bhanya hamile samantawad phyaleko,2
605, shasan pherieko hoin rawi jishasak pherieka hun hai kura bujhaum na,2
606, ganatantra hoin hajur galagannatantra bhannuhos rajatantrama yasari ghudai tekera tika grahan garnu parne wadhyata chhain tyo pani chetana hos pun smaran garaun chahanchhu yo galagannatantriy wyawastha ho,0
607, anek chha deshama,2
608, pida chha hajur pida,0
609, anek anek bhetinchhan,2
610, rabi ji lagayat sampurna 24 samachar lai pani shubhakamana,1
611, sampurna timalai dherai dherai shubhakamana sar,1
612, timalai dherai dherai shubhakamana,1
613, shubh dasain dai,1
614, hajur lagayat sabai tim lai shubh kamana,1
615, khushi dashai rabi sar,1
616, khristanale hallae tyo sadbhaw,2
617, rabi sar hajur lai pani wijaya dashami ko hardik mumgalamay shubhakamana,1
618, bijaya dashamiko dheraidherai shubhakamana,1
619, mahajodi lagayat hajur lai pani shubh bijayadashami,1
620, tapailai pani bada dashaiko shubhakamana sar,1
621, u jastai ma pani roe ta khai kasle heryo,0
622, hamro pani shubhakamana sathi,1
623, hamro ta ho hamilai sabai bhanda pyaro ra lagchha baru hajuralai kasto laich man paryo ki nai bijayadashamikoshubhakamana,1
624, bijaya dashamiko shubhakamana daju baharayan bat,1
625, hernu bhanda aru najanni bhaiiyae,0
626, ram्ra mamchhe haru prati sada naman,1
627, rabi dadalai salam gare aru sambodhan garne shabda bhetin,1
628, has dada pratiksha ma chhu,1
629, bhagawanale pani dah gare uhanharuko jiwan dekhera,2
630, neta charitra bechar kamaun milne wyapari chhaera chhaerikae pharma bat ra mareka khasi baeka bat pani kamaun napaune chhar sar,0
631, turi samaeko hat dhoerai aaunu parchha uhanle,0
632, nepalako jaldo baldo lutera,0
633, pisab pherna gayako hat ta dhoyerai aaunu parchha bipplap ji aaphno karyekartalai samjhai dinu hola yo kura,0
634, ke ho biplab daju wastawikata janakari pam,2
635, nirmalako kesh ke hundaichh phalo gardai garnu hola dajubamadeb ra ramdeb kandale nirmala ojhel pardai chha,2
636, wiplaw namaile duniyan tarsauchhu bhanne haru lai satmarga ma lyaunus sar,0
637, rabi sar bhaneko nai hamro lagi bhagawan ho abo hami sab janatako aawaj rabi sar sagai sath ma sath hat ma hat rabi sar lai hamro,1
638, kada,0
639, mero des,2
640, ghinalagdo sarakarale ganaune kam gardai chha kharab praribiti kae manchhe hunuparchha,0
641, malesiyama bishakta madir sewan garera jyan gumaeko barema euta bishesh riporta banaunu paryo rawisar chadaparwa najikidai garda aru le pani pheri piune chesta nagarun,2
642, kulaman ghisin jasta 24 jana karyakari bhaide bha ta thik hunthyo ki,2
643, salam chha dai,1
644, khai ke sudhar bhachh t ji,2
645, ghanta !,0
646, chittabujhyo mero.,1
647, kati ram्ro,0
648, sakaratmak kura,1
649, uhale bhannu bhaeko kura gambhir manan garera aghi badne ho bhane kohi pani dukhi hudain,1
650, kohi pani garib hudain .,1
651, nepal ra nepali janatako ko mahanayak rel hiro rabi sar lai salam chha,1
652, tariph jatigareni rabiko ra hajurako timalai kam hunechh tyasaile,1
653, namaskar rawi sar,1
654, jay haes sidhakura janatasag,1
655, dherai dherai dhannewad rabi sar lagayat sambandhit wyakti lai,1
656, jay hos rabi lamichhane jyu ko.yasto mahan karyako lagi,1
657, hamro deshaka yiniharu pashuharu jastai lagchha.,0
658, thukka salaharu,0
659, khateharu,0
660, sarap lagun,0
661, des ma rabi sar hunu parchha pradhanamantri aba,1
662, jati thagera,0
663, sala bidhyarthi neta chor pulish,0
664, bhrastachar,0
665, kati mahan kura,1
666, karmachari le nai desh sakeko ho,0
667, ghus khane,0
668, wa ati aananda lagne kura,1
669, ghus dine,0
670, kalej nai banda garnu parchha,0
671, beijjat garne kam bhayo,0
672, heriyo sar karyakram parithak lagyo hajuralai pani shubhakamana,1
673, kukarmale timile kamaeka timra mitraharu bhanda satkarmale maile kamaeka mera dusmanaharu malai pyara chhan.,1
674, nagarikata laisensa shaikshik pramanapatra jastako tyastai tar nakkali banauneharuko stin aparesan gareka chhau.arkale paleko gai chorera lagera kati khaneharu bareko riportinapani aaj garieko chha,0
675, kahilekahi tariphako bharilepani satkarma garna badhya garauchha. yasarthama try marum na bhanera hatar garya ho dai. ke bhannuhunchha,1
676, euta pul banyo bhane durgamaka lakhau janatale sukh pauchhan.,1
677, tar tyahi pul banyo bhane dherai netale bhot magne bahana nai gumauchhana.,0
678, tyasaile pul banen ra ajhai dherai warsha bandaina.,0
679, pulako rajaniti kasto gajabako,1
680, euta embulensa samma nabhaeko Kalikotko,0
681, rasakotama hami 15 bedako smarta dijital aspatal banaudai chhau.,1
682, euta niji telibhijanako karyakramale bharkhar 52ota ghar banaera pradesh nambar 2 ka mushaharaharulai hastantaran garisakeko chha.,1
683, ab palo bikat Kalikotko. aajako karyakram Kalikot batai,2
684, sano balakalai rog lageko chha,0
685, ra upachar sambhaw chha.,1
686, daktar bhanchhan Kathmandu laijanus aamasan paisa chhain,0
687, unale sunichhna hamile sahayog gare chhora bachna sakchha,1
688, hami khasai dherai kehi sakdainau Thaha chha.,0
689, tar biswasako euta sano diyo matrai ta chha,1
690, hamisan jo dhip dhippaudai bhaepani baldai chhau,1
691, magha1 gatedekhi 24 ghanta nai tal phri teliphon sewa,1
692, baishakh 8 bat deshaka satai pradeshama karyalay ra gunaso sentar,0
693, bhaibar hwatsa yap marphat wiswa bharika darshakaharule laibh sahabhagi hun paune gari naya pratibaddhata aajako karyakramama.,1
694, dosh jasalai lagepani bhogai badline hoin,0
695, muskilako yo ghadima,0
696, sath hausala pradan garnuhune sampurna mahanubhawaharu prati shir nihuraerai aabhar prakat gardachhu.,1
697, sathai aaphanta ra pariwaraprati mera karan parna gaeko chot,0
698, prati kshama yachana samet gardachhu,1
699, aaphna tarphabat yo bishay ab sadakalagi yasari tunyaeko chhu,1
